{
    "lights": [
        {
            "position": {
                "x": -1.600000023841858,
                "y": -0.9300000071525574,
                "z": -1.8300000429153443
            },
            "color": {
                "r": 1.0,
                "g": 1.0,
                "b": 1.0,
                "a": 1.0
            },
            "resolutionX": 100,
            "resolutionY": 100
        },
        {
            "position": {
                "x": -1.8899999856948853,
                "y": 2.0,
                "z": 0.8399999737739563
            },
            "color": {
                "r": 1.0,
                "g": 1.0,
                "b": 1.0,
                "a": 1.0
            },
            "resolutionX": 100,
            "resolutionY": 100
        },
        {
            "position": {
                "x": 1.399999976158142,
                "y": -1.0,
                "z": 1.2000000476837159
            },
            "color": {
                "r": 1.0,
                "g": 1.0,
                "b": 1.0,
                "a": 1.0
            },
            "resolutionX": 100,
            "resolutionY": 100
        }
    ],
    "meshes": [
        {
            "objPath": "Cube.obj",
            "position": {
                "x": 0.0,
                "y": 0.0,
                "z": 0.0
            },
            "rotation": {
                "x": 0.0,
                "y": 0.0,
                "z": 0.0
            },
            "scale": {
                "x": 1.0,
                "y": 1.0,
                "z": 1.0
            }
        }
    ],
    "grid": {
        "origin": {
            "x": -4.0,
            "y": -4.0,
            "z": -4.0
        },
        "size": {
            "x": 8.0,
            "y": 8.0,
            "z": 8.0
        },
        "resolution": {
            "x": 100,
            "y": 100,
            "z": 100
        }
    }
}