# Blender 5.1.0
# www.blender.org
mtllib Hemisphere.mtl
o Sphere
v 0.000000 0.000000 -0.500000
v 0.000000 -0.049009 -0.497592
v 0.000000 -0.145142 -0.478470
v 0.000000 -0.191342 -0.461940
v 0.000000 -0.235698 -0.440961
v 0.000000 -0.478470 -0.145142
v 0.000000 -0.497592 -0.049009
v 0.000000 -0.500000 0.000000
v 0.049009 0.000000 -0.497592
v 0.048773 -0.049009 -0.495196
v 0.048067 -0.097545 -0.488031
v 0.046898 -0.145142 -0.476166
v 0.045278 -0.191342 -0.459715
v 0.043222 -0.235698 -0.438837
v 0.040749 -0.277785 -0.413733
v 0.037884 -0.317197 -0.384644
v 0.034654 -0.353553 -0.351851
v 0.031091 -0.386505 -0.315669
v 0.027228 -0.415735 -0.276448
v 0.023102 -0.440961 -0.234563
v 0.018755 -0.461940 -0.190420
v 0.014226 -0.478470 -0.144443
v 0.009561 -0.490393 -0.097075
v 0.004804 -0.497592 -0.048773
v 0.097545 0.000000 -0.490393
v 0.097075 -0.049009 -0.488031
v 0.095671 -0.097545 -0.480970
v 0.093345 -0.145142 -0.469277
v 0.090120 -0.191342 -0.453064
v 0.086027 -0.235698 -0.432488
v 0.081106 -0.277785 -0.407747
v 0.075403 -0.317197 -0.379079
v 0.068975 -0.353553 -0.346760
v 0.061882 -0.386505 -0.311102
v 0.054193 -0.415735 -0.272448
v 0.045982 -0.440961 -0.231169
v 0.037329 -0.461940 -0.187665
v 0.028316 -0.478470 -0.142353
v 0.019030 -0.490393 -0.095671
v 0.009561 -0.497592 -0.048067
v 0.145142 0.000000 -0.478470
v 0.144443 -0.049009 -0.476166
v 0.142353 -0.097545 -0.469276
v 0.138893 -0.145142 -0.457867
v 0.134094 -0.191342 -0.442049
v 0.128004 -0.235698 -0.421973
v 0.120681 -0.277785 -0.397833
v 0.112197 -0.317197 -0.369862
v 0.102631 -0.353553 -0.338329
v 0.092077 -0.386505 -0.303538
v 0.080637 -0.415735 -0.265824
v 0.068420 -0.440961 -0.225549
v 0.055544 -0.461940 -0.183103
v 0.042133 -0.478470 -0.138893
v 0.028316 -0.490393 -0.093345
v 0.014226 -0.497592 -0.046898
v 0.191342 0.000000 -0.461940
v 0.190420 -0.049009 -0.459715
v 0.187665 -0.097545 -0.453064
v 0.183103 -0.145142 -0.442049
v 0.176777 -0.191342 -0.426777
v 0.168748 -0.235698 -0.407394
v 0.159095 -0.277785 -0.384089
v 0.147909 -0.317197 -0.357084
v 0.135299 -0.353553 -0.326641
v 0.121386 -0.386505 -0.293051
v 0.106304 -0.415735 -0.256640
v 0.090198 -0.440961 -0.217757
v 0.073223 -0.461940 -0.176777
v 0.055544 -0.478470 -0.134094
v 0.037329 -0.490393 -0.090120
v 0.018755 -0.497592 -0.045278
v 0.235698 0.000000 -0.440961
v 0.234563 -0.049009 -0.438837
v 0.231169 -0.097545 -0.432488
v 0.225549 -0.145142 -0.421973
v 0.217757 -0.191342 -0.407394
v 0.207867 -0.235698 -0.388893
v 0.195976 -0.277785 -0.366645
v 0.182197 -0.317197 -0.340867
v 0.166664 -0.353553 -0.311806
v 0.149525 -0.386505 -0.279742
v 0.130947 -0.415735 -0.244985
v 0.111107 -0.440961 -0.207867
v 0.090198 -0.461940 -0.168748
v 0.068420 -0.478470 -0.128004
v 0.045982 -0.490393 -0.086027
v 0.023102 -0.497592 -0.043222
v 0.277785 0.000000 -0.415735
v 0.276448 -0.049009 -0.413733
v 0.272448 -0.097545 -0.407746
v 0.265824 -0.145142 -0.397833
v 0.256640 -0.191342 -0.384089
v 0.244985 -0.235698 -0.366645
v 0.230970 -0.277785 -0.345671
v 0.214731 -0.317197 -0.321367
v 0.196424 -0.353553 -0.293969
v 0.176225 -0.386505 -0.263739
v 0.154329 -0.415735 -0.230970
v 0.130947 -0.440961 -0.195976
v 0.106304 -0.461940 -0.159095
v 0.080637 -0.478470 -0.120681
v 0.054193 -0.490393 -0.081106
v 0.027228 -0.497592 -0.040749
v 0.317197 0.000000 -0.386505
v 0.315669 -0.049009 -0.384644
v 0.311102 -0.097545 -0.379079
v 0.303538 -0.145142 -0.369862
v 0.293051 -0.191342 -0.357084
v 0.279742 -0.235698 -0.340867
v 0.263739 -0.277785 -0.321367
v 0.245196 -0.317197 -0.298773
v 0.224292 -0.353553 -0.273300
v 0.201227 -0.386505 -0.245196
v 0.176225 -0.415735 -0.214731
v 0.149525 -0.440961 -0.182197
v 0.121386 -0.461940 -0.147909
v 0.092077 -0.478470 -0.112197
v 0.061882 -0.490393 -0.075403
v 0.031091 -0.497592 -0.037884
v 0.353553 0.000000 -0.353553
v 0.351851 -0.049009 -0.351851
v 0.346760 -0.097545 -0.346760
v 0.338329 -0.145142 -0.338329
v 0.326641 -0.191342 -0.326641
v 0.311806 -0.235698 -0.311806
v 0.293969 -0.277785 -0.293969
v 0.273300 -0.317197 -0.273300
v 0.250000 -0.353553 -0.250000
v 0.224292 -0.386505 -0.224292
v 0.196424 -0.415735 -0.196424
v 0.166664 -0.440961 -0.166664
v 0.135299 -0.461940 -0.135299
v 0.102631 -0.478470 -0.102631
v 0.068975 -0.490393 -0.068975
v 0.034654 -0.497592 -0.034654
v 0.386505 0.000000 -0.317197
v 0.384644 -0.049009 -0.315669
v 0.379079 -0.097545 -0.311102
v 0.369862 -0.145142 -0.303538
v 0.357084 -0.191342 -0.293051
v 0.340867 -0.235698 -0.279742
v 0.321367 -0.277785 -0.263739
v 0.298773 -0.317197 -0.245196
v 0.273300 -0.353553 -0.224292
v 0.245196 -0.386505 -0.201227
v 0.214731 -0.415735 -0.176225
v 0.182197 -0.440961 -0.149525
v 0.147909 -0.461940 -0.121386
v 0.112197 -0.478470 -0.092077
v 0.075403 -0.490393 -0.061882
v 0.037884 -0.497592 -0.031091
v 0.415735 0.000000 -0.277785
v 0.413733 -0.049009 -0.276447
v 0.407747 -0.097545 -0.272447
v 0.397833 -0.145142 -0.265824
v 0.384089 -0.191342 -0.256640
v 0.366645 -0.235698 -0.244985
v 0.345671 -0.277785 -0.230970
v 0.321367 -0.317197 -0.214731
v 0.293969 -0.353553 -0.196424
v 0.263739 -0.386505 -0.176225
v 0.230970 -0.415735 -0.154329
v 0.195976 -0.440961 -0.130947
v 0.159095 -0.461940 -0.106304
v 0.120681 -0.478470 -0.080637
v 0.081106 -0.490393 -0.054193
v 0.040749 -0.497592 -0.027228
v 0.440961 0.000000 -0.235698
v 0.438837 -0.049009 -0.234563
v 0.432488 -0.097545 -0.231169
v 0.421973 -0.145142 -0.225549
v 0.407394 -0.191342 -0.217757
v 0.388893 -0.235698 -0.207867
v 0.366645 -0.277785 -0.195976
v 0.340867 -0.317197 -0.182197
v 0.311806 -0.353553 -0.166664
v 0.279742 -0.386505 -0.149525
v 0.244985 -0.415735 -0.130947
v 0.207867 -0.440961 -0.111107
v 0.168748 -0.461940 -0.090198
v 0.128004 -0.478470 -0.068420
v 0.086027 -0.490393 -0.045982
v 0.043222 -0.497592 -0.023102
v 0.461940 0.000000 -0.191342
v 0.459715 -0.049009 -0.190420
v 0.453064 -0.097545 -0.187665
v 0.442049 -0.145142 -0.183103
v 0.426777 -0.191342 -0.176777
v 0.407394 -0.235698 -0.168748
v 0.384089 -0.277785 -0.159095
v 0.357084 -0.317197 -0.147909
v 0.326641 -0.353553 -0.135299
v 0.293051 -0.386505 -0.121386
v 0.256640 -0.415735 -0.106304
v 0.217757 -0.440961 -0.090198
v 0.176777 -0.461940 -0.073223
v 0.134094 -0.478470 -0.055544
v 0.090120 -0.490393 -0.037329
v 0.045278 -0.497592 -0.018755
v 0.478470 0.000000 -0.145142
v 0.476166 -0.049009 -0.144443
v 0.469276 -0.097545 -0.142353
v 0.457867 -0.145142 -0.138893
v 0.442049 -0.191342 -0.134094
v 0.421973 -0.235698 -0.128004
v 0.397833 -0.277785 -0.120681
v 0.369862 -0.317197 -0.112197
v 0.338329 -0.353553 -0.102631
v 0.303538 -0.386505 -0.092077
v 0.265824 -0.415735 -0.080637
v 0.225549 -0.440961 -0.068420
v 0.183103 -0.461940 -0.055544
v 0.138893 -0.478470 -0.042133
v 0.093345 -0.490393 -0.028316
v 0.046898 -0.497592 -0.014226
v 0.490393 0.000000 -0.097545
v 0.488031 -0.049009 -0.097075
v 0.480970 -0.097545 -0.095671
v 0.469276 -0.145142 -0.093345
v 0.453064 -0.191342 -0.090120
v 0.432488 -0.235698 -0.086027
v 0.407747 -0.277785 -0.081106
v 0.379079 -0.317197 -0.075403
v 0.346760 -0.353553 -0.068975
v 0.311102 -0.386505 -0.061882
v 0.272448 -0.415735 -0.054193
v 0.231169 -0.440961 -0.045982
v 0.187665 -0.461940 -0.037329
v 0.142353 -0.478470 -0.028316
v 0.095671 -0.490393 -0.019030
v 0.048067 -0.497592 -0.009561
v 0.497592 0.000000 -0.049009
v 0.495196 -0.049009 -0.048773
v 0.488031 -0.097545 -0.048067
v 0.476166 -0.145142 -0.046898
v 0.459715 -0.191342 -0.045278
v 0.438837 -0.235698 -0.043222
v 0.413733 -0.277785 -0.040749
v 0.384644 -0.317197 -0.037884
v 0.351851 -0.353553 -0.034654
v 0.315669 -0.386505 -0.031091
v 0.276448 -0.415735 -0.027228
v 0.234563 -0.440961 -0.023102
v 0.190420 -0.461940 -0.018755
v 0.144443 -0.478470 -0.014226
v 0.097075 -0.490393 -0.009561
v 0.048773 -0.497592 -0.004804
v 0.500000 0.000000 0.000000
v 0.497592 -0.049009 0.000000
v 0.490393 -0.097545 0.000000
v 0.478470 -0.145142 -0.000000
v 0.461940 -0.191342 0.000000
v 0.440961 -0.235698 0.000000
v 0.415735 -0.277785 -0.000000
v 0.386505 -0.317197 -0.000000
v 0.353553 -0.353553 0.000000
v 0.317197 -0.386505 -0.000000
v 0.277785 -0.415735 -0.000000
v 0.235698 -0.440961 0.000000
v 0.191342 -0.461940 0.000000
v 0.145142 -0.478470 0.000000
v 0.097545 -0.490393 -0.000000
v 0.049009 -0.497592 0.000000
v 0.497592 0.000000 0.049009
v 0.495196 -0.049009 0.048773
v 0.488031 -0.097545 0.048067
v 0.476166 -0.145142 0.046898
v 0.459715 -0.191342 0.045278
v 0.438837 -0.235698 0.043222
v 0.413733 -0.277785 0.040749
v 0.384644 -0.317197 0.037884
v 0.351851 -0.353553 0.034654
v 0.315669 -0.386505 0.031091
v 0.276448 -0.415735 0.027228
v 0.234563 -0.440961 0.023102
v 0.190420 -0.461940 0.018755
v 0.144443 -0.478470 0.014226
v 0.097075 -0.490393 0.009561
v 0.048773 -0.497592 0.004804
v 0.490393 0.000000 0.097545
v 0.488031 -0.049009 0.097076
v 0.480970 -0.097545 0.095671
v 0.469276 -0.145142 0.093345
v 0.453064 -0.191342 0.090120
v 0.432488 -0.235698 0.086027
v 0.407747 -0.277785 0.081106
v 0.379079 -0.317197 0.075403
v 0.346760 -0.353553 0.068975
v 0.311102 -0.386505 0.061882
v 0.272448 -0.415735 0.054193
v 0.231169 -0.440961 0.045982
v 0.187665 -0.461940 0.037329
v 0.142353 -0.478470 0.028316
v 0.095671 -0.490393 0.019030
v 0.048067 -0.497592 0.009561
v 0.478470 0.000000 0.145142
v 0.476166 -0.049009 0.144443
v 0.469276 -0.097545 0.142353
v 0.457867 -0.145142 0.138893
v 0.442049 -0.191342 0.134094
v 0.421973 -0.235698 0.128004
v 0.397833 -0.277785 0.120681
v 0.369862 -0.317197 0.112197
v 0.338329 -0.353553 0.102631
v 0.303538 -0.386505 0.092077
v 0.265824 -0.415735 0.080637
v 0.225549 -0.440961 0.068420
v 0.183103 -0.461940 0.055544
v 0.138893 -0.478470 0.042133
v 0.093345 -0.490393 0.028316
v 0.046898 -0.497592 0.014226
v 0.461940 0.000000 0.191342
v 0.459715 -0.049009 0.190420
v 0.453064 -0.097545 0.187665
v 0.442049 -0.145142 0.183103
v 0.426777 -0.191342 0.176777
v 0.407394 -0.235698 0.168748
v 0.384089 -0.277785 0.159095
v 0.357084 -0.317197 0.147909
v 0.326641 -0.353553 0.135299
v 0.293051 -0.386505 0.121386
v 0.256640 -0.415735 0.106304
v 0.217757 -0.440961 0.090198
v 0.176777 -0.461940 0.073223
v 0.134094 -0.478470 0.055544
v 0.090120 -0.490393 0.037329
v 0.045278 -0.497592 0.018755
v 0.440961 0.000000 0.235698
v 0.438837 -0.049009 0.234563
v 0.432488 -0.097545 0.231169
v 0.421973 -0.145142 0.225549
v 0.407394 -0.191342 0.217757
v 0.388892 -0.235698 0.207867
v 0.366645 -0.277785 0.195976
v 0.340867 -0.317197 0.182197
v 0.311806 -0.353553 0.166664
v 0.279742 -0.386505 0.149525
v 0.244985 -0.415735 0.130947
v 0.207867 -0.440961 0.111107
v 0.168748 -0.461940 0.090198
v 0.128004 -0.478470 0.068420
v 0.086027 -0.490393 0.045982
v 0.043222 -0.497592 0.023102
v 0.415735 0.000000 0.277785
v 0.413733 -0.049009 0.276448
v 0.407746 -0.097545 0.272448
v 0.397833 -0.145142 0.265824
v 0.384089 -0.191342 0.256640
v 0.366645 -0.235698 0.244985
v 0.345671 -0.277785 0.230970
v 0.321367 -0.317197 0.214731
v 0.293969 -0.353553 0.196424
v 0.263739 -0.386505 0.176225
v 0.230970 -0.415735 0.154329
v 0.195976 -0.440961 0.130947
v 0.159095 -0.461940 0.106304
v 0.120681 -0.478470 0.080637
v 0.081106 -0.490393 0.054193
v 0.040749 -0.497592 0.027228
v 0.386505 0.000000 0.317197
v 0.384644 -0.049009 0.315669
v 0.379079 -0.097545 0.311102
v 0.369862 -0.145142 0.303538
v 0.357084 -0.191342 0.293051
v 0.340867 -0.235698 0.279742
v 0.321367 -0.277785 0.263739
v 0.298773 -0.317197 0.245196
v 0.273300 -0.353553 0.224292
v 0.245196 -0.386505 0.201227
v 0.214731 -0.415735 0.176225
v 0.182197 -0.440961 0.149525
v 0.147909 -0.461940 0.121386
v 0.112197 -0.478470 0.092077
v 0.075403 -0.490393 0.061882
v 0.037884 -0.497592 0.031091
v 0.353553 0.000000 0.353553
v 0.351851 -0.049009 0.351851
v 0.346760 -0.097545 0.346760
v 0.338329 -0.145142 0.338329
v 0.326641 -0.191342 0.326641
v 0.311806 -0.235698 0.311806
v 0.293969 -0.277785 0.293969
v 0.273300 -0.317197 0.273300
v 0.250000 -0.353553 0.250000
v 0.224292 -0.386505 0.224292
v 0.196424 -0.415735 0.196424
v 0.166664 -0.440961 0.166664
v 0.135299 -0.461940 0.135299
v 0.102631 -0.478470 0.102631
v 0.068975 -0.490393 0.068975
v 0.034654 -0.497592 0.034654
v 0.317197 0.000000 0.386505
v 0.315669 -0.049009 0.384644
v 0.311102 -0.097545 0.379079
v 0.303538 -0.145142 0.369862
v 0.293051 -0.191342 0.357084
v 0.279742 -0.235698 0.340867
v 0.263739 -0.277785 0.321367
v 0.245196 -0.317197 0.298773
v 0.224292 -0.353553 0.273300
v 0.201227 -0.386505 0.245196
v 0.176225 -0.415735 0.214731
v 0.149525 -0.440961 0.182197
v 0.121386 -0.461940 0.147909
v 0.092077 -0.478470 0.112197
v 0.061882 -0.490393 0.075403
v 0.031091 -0.497592 0.037884
v 0.277785 0.000000 0.415735
v 0.276447 -0.049009 0.413733
v 0.272447 -0.097545 0.407747
v 0.265824 -0.145142 0.397833
v 0.256640 -0.191342 0.384089
v 0.244985 -0.235698 0.366645
v 0.230970 -0.277785 0.345671
v 0.214731 -0.317197 0.321367
v 0.196424 -0.353553 0.293969
v 0.176225 -0.386505 0.263739
v 0.154329 -0.415735 0.230970
v 0.130947 -0.440961 0.195976
v 0.106304 -0.461940 0.159095
v 0.080637 -0.478470 0.120681
v 0.054193 -0.490393 0.081106
v 0.027228 -0.497592 0.040749
v 0.235698 0.000000 0.440961
v 0.234563 -0.049009 0.438837
v 0.231169 -0.097545 0.432488
v 0.225549 -0.145142 0.421973
v 0.217757 -0.191342 0.407394
v 0.207867 -0.235698 0.388892
v 0.195976 -0.277785 0.366645
v 0.182197 -0.317197 0.340867
v 0.166664 -0.353553 0.311806
v 0.149525 -0.386505 0.279742
v 0.130947 -0.415735 0.244985
v 0.111107 -0.440961 0.207867
v 0.090198 -0.461940 0.168748
v 0.068420 -0.478470 0.128004
v 0.045982 -0.490393 0.086027
v 0.023102 -0.497592 0.043222
v 0.191342 0.000000 0.461940
v 0.190420 -0.049009 0.459715
v 0.187665 -0.097545 0.453064
v 0.183103 -0.145142 0.442049
v 0.176777 -0.191342 0.426777
v 0.168748 -0.235698 0.407394
v 0.159095 -0.277785 0.384089
v 0.147909 -0.317197 0.357084
v 0.135299 -0.353553 0.326641
v 0.121386 -0.386505 0.293051
v 0.106304 -0.415735 0.256640
v 0.090198 -0.440961 0.217757
v 0.073223 -0.461940 0.176777
v 0.055544 -0.478470 0.134094
v 0.037329 -0.490393 0.090120
v 0.018755 -0.497592 0.045278
v 0.145142 0.000000 0.478470
v 0.144443 -0.049009 0.476166
v 0.142353 -0.097545 0.469276
v 0.138893 -0.145142 0.457867
v 0.134094 -0.191342 0.442049
v 0.128004 -0.235698 0.421973
v 0.120682 -0.277785 0.397833
v 0.112197 -0.317197 0.369862
v 0.102631 -0.353553 0.338329
v 0.092077 -0.386505 0.303538
v 0.080637 -0.415735 0.265824
v 0.068420 -0.440961 0.225549
v 0.055544 -0.461940 0.183103
v 0.042133 -0.478470 0.138893
v 0.028316 -0.490393 0.093345
v 0.014226 -0.497592 0.046898
v 0.097545 0.000000 0.490393
v 0.097075 -0.049009 0.488031
v 0.095671 -0.097545 0.480970
v 0.093345 -0.145142 0.469276
v 0.090120 -0.191342 0.453064
v 0.086027 -0.235698 0.432488
v 0.081106 -0.277785 0.407747
v 0.075403 -0.317197 0.379079
v 0.068975 -0.353553 0.346760
v 0.061882 -0.386505 0.311102
v 0.054193 -0.415735 0.272448
v 0.045982 -0.440961 0.231169
v 0.037329 -0.461940 0.187665
v 0.028316 -0.478470 0.142353
v 0.019030 -0.490393 0.095671
v 0.009561 -0.497592 0.048067
v 0.049008 0.000000 0.497592
v 0.048773 -0.049009 0.495196
v 0.048067 -0.097545 0.488031
v 0.046898 -0.145142 0.476166
v 0.045278 -0.191342 0.459715
v 0.043222 -0.235698 0.438837
v 0.040749 -0.277785 0.413733
v 0.037884 -0.317197 0.384644
v 0.034654 -0.353553 0.351851
v 0.031091 -0.386505 0.315669
v 0.027228 -0.415735 0.276448
v 0.023102 -0.440961 0.234563
v 0.018755 -0.461940 0.190420
v 0.014226 -0.478470 0.144443
v 0.009561 -0.490393 0.097075
v 0.004804 -0.497592 0.048773
v -0.000000 0.000000 0.500000
v -0.000000 -0.049009 0.497592
v -0.000000 -0.097545 0.490393
v -0.000000 -0.145142 0.478470
v -0.000000 -0.191342 0.461940
v -0.000000 -0.235698 0.440960
v 0.000000 -0.277785 0.415735
v 0.000000 -0.317197 0.386505
v -0.000000 -0.353553 0.353553
v 0.000000 -0.386505 0.317197
v 0.000000 -0.415735 0.277785
v -0.000000 -0.440961 0.235698
v -0.000000 -0.461940 0.191342
v -0.000000 -0.478470 0.145142
v 0.000000 -0.490393 0.097545
v -0.000000 -0.497592 0.049009
v -0.049009 0.000000 0.497592
v -0.048773 -0.049009 0.495196
v -0.048067 -0.097545 0.488031
v -0.046898 -0.145142 0.476166
v -0.045278 -0.191342 0.459715
v -0.043222 -0.235698 0.438837
v -0.040749 -0.277785 0.413733
v -0.037884 -0.317197 0.384644
v -0.034654 -0.353553 0.351851
v -0.031091 -0.386505 0.315669
v -0.027228 -0.415735 0.276448
v -0.023102 -0.440961 0.234563
v -0.018755 -0.461940 0.190420
v -0.014226 -0.478470 0.144443
v -0.009561 -0.490393 0.097075
v -0.004804 -0.497592 0.048773
v -0.097545 0.000000 0.490393
v -0.097076 -0.049009 0.488031
v -0.095671 -0.097545 0.480970
v -0.093345 -0.145142 0.469276
v -0.090120 -0.191342 0.453064
v -0.086027 -0.235698 0.432488
v -0.081106 -0.277785 0.407747
v -0.075403 -0.317197 0.379079
v -0.068975 -0.353553 0.346760
v -0.061882 -0.386505 0.311102
v -0.054193 -0.415735 0.272448
v -0.045982 -0.440961 0.231169
v -0.037329 -0.461940 0.187665
v -0.028316 -0.478470 0.142353
v -0.019030 -0.490393 0.095671
v -0.009561 -0.497592 0.048067
v -0.145142 0.000000 0.478470
v -0.144443 -0.049009 0.476166
v -0.142353 -0.097545 0.469276
v -0.138893 -0.145142 0.457867
v -0.134094 -0.191342 0.442049
v -0.128004 -0.235698 0.421973
v -0.120681 -0.277785 0.397833
v -0.112196 -0.317197 0.369862
v -0.102631 -0.353553 0.338329
v -0.092077 -0.386505 0.303538
v -0.080637 -0.415735 0.265824
v -0.068420 -0.440961 0.225549
v -0.055544 -0.461940 0.183102
v -0.042133 -0.478470 0.138893
v -0.028316 -0.490393 0.093345
v -0.014226 -0.497592 0.046898
v -0.191342 0.000000 0.461940
v -0.190420 -0.049009 0.459715
v -0.187665 -0.097545 0.453064
v -0.183103 -0.145142 0.442049
v -0.176777 -0.191342 0.426777
v -0.168748 -0.235698 0.407394
v -0.159095 -0.277785 0.384089
v -0.147909 -0.317197 0.357084
v -0.135299 -0.353553 0.326641
v -0.121386 -0.386505 0.293051
v -0.106304 -0.415735 0.256640
v -0.090198 -0.440961 0.217757
v -0.073223 -0.461940 0.176777
v -0.055544 -0.478470 0.134094
v -0.037329 -0.490393 0.090120
v -0.018755 -0.497592 0.045278
v -0.235698 0.000000 0.440960
v -0.234563 -0.049009 0.438837
v -0.231169 -0.097545 0.432488
v -0.225549 -0.145142 0.421973
v -0.217757 -0.191342 0.407394
v -0.207867 -0.235698 0.388892
v -0.195976 -0.277785 0.366645
v -0.182197 -0.317197 0.340867
v -0.166664 -0.353553 0.311806
v -0.149525 -0.386505 0.279742
v -0.130947 -0.415735 0.244985
v -0.111107 -0.440961 0.207867
v -0.090198 -0.461940 0.168748
v -0.068420 -0.478470 0.128004
v -0.045982 -0.490393 0.086027
v -0.023102 -0.497592 0.043222
v -0.277785 0.000000 0.415735
v -0.276447 -0.049009 0.413733
v -0.272448 -0.097545 0.407746
v -0.265824 -0.145142 0.397833
v -0.256640 -0.191342 0.384089
v -0.244985 -0.235698 0.366645
v -0.230970 -0.277785 0.345671
v -0.214731 -0.317197 0.321367
v -0.196424 -0.353553 0.293969
v -0.176225 -0.386505 0.263739
v -0.154329 -0.415735 0.230970
v -0.130947 -0.440961 0.195976
v -0.106304 -0.461940 0.159095
v -0.080637 -0.478470 0.120681
v -0.054193 -0.490393 0.081106
v -0.027228 -0.497592 0.040749
v -0.317197 0.000000 0.386505
v -0.315669 -0.049009 0.384644
v -0.311102 -0.097545 0.379079
v -0.303538 -0.145142 0.369862
v -0.293051 -0.191342 0.357084
v -0.279742 -0.235698 0.340867
v -0.263739 -0.277785 0.321367
v -0.245196 -0.317197 0.298773
v -0.224292 -0.353553 0.273300
v -0.201227 -0.386505 0.245196
v -0.176225 -0.415735 0.214731
v -0.149525 -0.440961 0.182197
v -0.121386 -0.461940 0.147909
v -0.092077 -0.478470 0.112197
v -0.061882 -0.490393 0.075403
v -0.031091 -0.497592 0.037884
v -0.353553 0.000000 0.353553
v -0.351851 -0.049009 0.351851
v -0.346760 -0.097545 0.346760
v -0.338330 -0.145142 0.338329
v -0.326641 -0.191342 0.326641
v -0.311806 -0.235698 0.311806
v -0.293969 -0.277785 0.293969
v -0.273300 -0.317197 0.273300
v -0.250000 -0.353553 0.250000
v -0.224292 -0.386505 0.224292
v -0.196424 -0.415735 0.196424
v -0.166664 -0.440961 0.166664
v -0.135299 -0.461940 0.135299
v -0.102631 -0.478470 0.102631
v -0.068975 -0.490393 0.068975
v -0.034654 -0.497592 0.034654
v -0.386505 0.000000 0.317196
v -0.384644 -0.049009 0.315669
v -0.379079 -0.097545 0.311102
v -0.369862 -0.145142 0.303538
v -0.357084 -0.191342 0.293051
v -0.340867 -0.235698 0.279742
v -0.321367 -0.277785 0.263739
v -0.298772 -0.317197 0.245196
v -0.273300 -0.353553 0.224292
v -0.245196 -0.386505 0.201227
v -0.214731 -0.415735 0.176225
v -0.182197 -0.440961 0.149525
v -0.147909 -0.461940 0.121386
v -0.112197 -0.478470 0.092077
v -0.075403 -0.490393 0.061882
v -0.037884 -0.497592 0.031091
v -0.415735 0.000000 0.277785
v -0.413733 -0.049009 0.276447
v -0.407747 -0.097545 0.272447
v -0.397833 -0.145142 0.265824
v -0.384089 -0.191342 0.256640
v -0.366645 -0.235698 0.244984
v -0.345671 -0.277785 0.230970
v -0.321367 -0.317197 0.214731
v -0.293969 -0.353553 0.196424
v -0.263739 -0.386505 0.176225
v -0.230970 -0.415735 0.154329
v -0.195976 -0.440961 0.130947
v -0.159095 -0.461940 0.106304
v -0.120681 -0.478470 0.080637
v -0.081106 -0.490393 0.054193
v -0.040749 -0.497592 0.027228
v -0.440961 0.000000 0.235698
v -0.438837 -0.049009 0.234563
v -0.432488 -0.097545 0.231169
v -0.421973 -0.145142 0.225549
v -0.407394 -0.191342 0.217757
v -0.388892 -0.235698 0.207867
v -0.366645 -0.277785 0.195976
v -0.340867 -0.317197 0.182197
v -0.311806 -0.353553 0.166664
v -0.279742 -0.386505 0.149525
v -0.244985 -0.415735 0.130947
v -0.207867 -0.440961 0.111107
v -0.168748 -0.461940 0.090198
v -0.128004 -0.478470 0.068420
v -0.086027 -0.490393 0.045982
v -0.043222 -0.497592 0.023102
v -0.461940 0.000000 0.191342
v -0.459715 -0.049009 0.190420
v -0.453064 -0.097545 0.187665
v -0.442049 -0.145142 0.183103
v -0.426776 -0.191342 0.176777
v -0.407394 -0.235698 0.168748
v -0.384089 -0.277785 0.159095
v -0.357084 -0.317197 0.147909
v -0.326641 -0.353553 0.135299
v -0.293051 -0.386505 0.121386
v -0.256640 -0.415735 0.106304
v -0.217757 -0.440961 0.090198
v -0.176777 -0.461940 0.073223
v -0.134094 -0.478470 0.055544
v -0.090120 -0.490393 0.037329
v -0.045278 -0.497592 0.018755
v -0.478470 0.000000 0.145142
v -0.476166 -0.049009 0.144443
v -0.469276 -0.097545 0.142353
v -0.457867 -0.145142 0.138892
v -0.442049 -0.191342 0.134094
v -0.421973 -0.235698 0.128004
v -0.397833 -0.277785 0.120682
v -0.369862 -0.317197 0.112197
v -0.338329 -0.353553 0.102631
v -0.303538 -0.386505 0.092077
v -0.265824 -0.415735 0.080637
v -0.225549 -0.440961 0.068420
v -0.183102 -0.461940 0.055544
v -0.138893 -0.478470 0.042133
v -0.093345 -0.490393 0.028316
v -0.046898 -0.497592 0.014226
v -0.490393 0.000000 0.097545
v -0.488031 -0.049009 0.097075
v -0.480970 -0.097545 0.095671
v -0.469276 -0.145142 0.093345
v -0.453063 -0.191342 0.090120
v -0.432488 -0.235698 0.086027
v -0.407747 -0.277785 0.081106
v -0.379078 -0.317197 0.075403
v -0.346760 -0.353553 0.068975
v -0.311102 -0.386505 0.061882
v -0.272448 -0.415735 0.054193
v -0.231169 -0.440961 0.045982
v -0.187665 -0.461940 0.037329
v -0.142353 -0.478470 0.028316
v -0.095671 -0.490393 0.019030
v -0.048067 -0.497592 0.009561
v -0.497592 0.000000 0.049008
v -0.495196 -0.049009 0.048772
v -0.488031 -0.097545 0.048067
v -0.476166 -0.145142 0.046898
v -0.459715 -0.191342 0.045278
v -0.438837 -0.235698 0.043222
v -0.413733 -0.277785 0.040749
v -0.384644 -0.317197 0.037884
v -0.351851 -0.353553 0.034654
v -0.315669 -0.386505 0.031091
v -0.276448 -0.415735 0.027228
v -0.234563 -0.440961 0.023102
v -0.190420 -0.461940 0.018755
v -0.144443 -0.478470 0.014226
v -0.097075 -0.490393 0.009561
v -0.048773 -0.497592 0.004804
v -0.500000 0.000000 -0.000000
v -0.497592 -0.049009 -0.000000
v -0.490393 -0.097545 -0.000000
v -0.478470 -0.145142 -0.000000
v -0.461940 -0.191342 -0.000000
v -0.440960 -0.235698 -0.000000
v -0.415735 -0.277785 0.000000
v -0.386505 -0.317197 0.000000
v -0.353553 -0.353553 -0.000000
v -0.317197 -0.386505 0.000000
v -0.277785 -0.415735 0.000000
v -0.235698 -0.440961 -0.000000
v -0.191342 -0.461940 -0.000000
v -0.145142 -0.478470 -0.000000
v -0.097545 -0.490393 0.000000
v -0.049009 -0.497592 -0.000000
v -0.497592 0.000000 -0.049009
v -0.495196 -0.049009 -0.048773
v -0.488031 -0.097545 -0.048067
v -0.476166 -0.145142 -0.046898
v -0.459715 -0.191342 -0.045278
v -0.438837 -0.235698 -0.043222
v -0.413733 -0.277785 -0.040749
v -0.384644 -0.317197 -0.037884
v -0.351851 -0.353553 -0.034654
v -0.315669 -0.386505 -0.031091
v -0.276448 -0.415735 -0.027228
v -0.234563 -0.440961 -0.023102
v -0.190420 -0.461940 -0.018755
v -0.144443 -0.478470 -0.014226
v -0.097075 -0.490393 -0.009561
v -0.048773 -0.497592 -0.004804
v -0.490392 0.000000 -0.097545
v -0.488031 -0.049009 -0.097075
v -0.480970 -0.097545 -0.095671
v -0.469276 -0.145142 -0.093345
v -0.453063 -0.191342 -0.090120
v -0.432488 -0.235698 -0.086027
v -0.407747 -0.277785 -0.081106
v -0.379079 -0.317197 -0.075403
v -0.346760 -0.353553 -0.068975
v -0.311102 -0.386505 -0.061882
v -0.272448 -0.415735 -0.054193
v -0.231169 -0.440961 -0.045982
v -0.187665 -0.461940 -0.037329
v -0.142353 -0.478470 -0.028316
v -0.095671 -0.490393 -0.019030
v -0.048067 -0.497592 -0.009561
v -0.478470 0.000000 -0.145142
v -0.476166 -0.049009 -0.144443
v -0.469276 -0.097545 -0.142353
v -0.457867 -0.145142 -0.138893
v -0.442049 -0.191342 -0.134094
v -0.421973 -0.235698 -0.128004
v -0.397833 -0.277785 -0.120681
v -0.369862 -0.317197 -0.112196
v -0.338329 -0.353553 -0.102631
v -0.303538 -0.386505 -0.092077
v -0.265824 -0.415735 -0.080637
v -0.225549 -0.440961 -0.068420
v -0.183102 -0.461940 -0.055544
v -0.138893 -0.478470 -0.042133
v -0.093345 -0.490393 -0.028316
v -0.046898 -0.497592 -0.014226
v -0.461940 0.000000 -0.191342
v -0.459715 -0.049009 -0.190420
v -0.453064 -0.097545 -0.187665
v -0.442049 -0.145142 -0.183103
v -0.426776 -0.191342 -0.176777
v -0.407394 -0.235698 -0.168748
v -0.384089 -0.277785 -0.159095
v -0.357084 -0.317197 -0.147909
v -0.326641 -0.353553 -0.135299
v -0.293051 -0.386505 -0.121386
v -0.256640 -0.415735 -0.106304
v -0.217757 -0.440961 -0.090198
v -0.176777 -0.461940 -0.073223
v -0.134094 -0.478470 -0.055544
v -0.090120 -0.490393 -0.037329
v -0.045278 -0.497592 -0.018755
v -0.440960 0.000000 -0.235698
v -0.438837 -0.049009 -0.234563
v -0.432488 -0.097545 -0.231169
v -0.421973 -0.145142 -0.225549
v -0.407394 -0.191342 -0.217757
v -0.388892 -0.235698 -0.207867
v -0.366645 -0.277785 -0.195976
v -0.340867 -0.317197 -0.182197
v -0.311806 -0.353553 -0.166664
v -0.279742 -0.386505 -0.149525
v -0.244985 -0.415735 -0.130947
v -0.207867 -0.440961 -0.111107
v -0.168748 -0.461940 -0.090198
v -0.128004 -0.478470 -0.068420
v -0.086027 -0.490393 -0.045982
v -0.043222 -0.497592 -0.023102
v -0.415735 0.000000 -0.277785
v -0.413733 -0.049009 -0.276447
v -0.407746 -0.097545 -0.272448
v -0.397833 -0.145142 -0.265824
v -0.384089 -0.191342 -0.256640
v -0.366645 -0.235698 -0.244985
v -0.345671 -0.277785 -0.230970
v -0.321367 -0.317197 -0.214731
v -0.293969 -0.353553 -0.196424
v -0.263739 -0.386505 -0.176225
v -0.230970 -0.415735 -0.154329
v -0.195976 -0.440961 -0.130947
v -0.159095 -0.461940 -0.106304
v -0.120681 -0.478470 -0.080637
v -0.081106 -0.490393 -0.054193
v -0.040749 -0.497592 -0.027228
v -0.386505 0.000000 -0.317197
v -0.384644 -0.049009 -0.315669
v -0.379079 -0.097545 -0.311102
v -0.369862 -0.145142 -0.303538
v -0.357084 -0.191342 -0.293051
v -0.340867 -0.235698 -0.279742
v -0.321367 -0.277785 -0.263739
v -0.298772 -0.317197 -0.245196
v -0.273300 -0.353553 -0.224292
v -0.245196 -0.386505 -0.201227
v -0.214731 -0.415735 -0.176225
v -0.182197 -0.440961 -0.149525
v -0.147909 -0.461940 -0.121386
v -0.112197 -0.478470 -0.092077
v -0.075403 -0.490393 -0.061882
v -0.037884 -0.497592 -0.031091
v -0.353553 0.000000 -0.353553
v -0.351851 -0.049009 -0.351851
v -0.346760 -0.097545 -0.346760
v -0.338329 -0.145142 -0.338330
v -0.326640 -0.191342 -0.326641
v -0.311806 -0.235698 -0.311806
v -0.293969 -0.277785 -0.293969
v -0.273300 -0.317197 -0.273300
v -0.250000 -0.353553 -0.250000
v -0.224292 -0.386505 -0.224292
v -0.196424 -0.415735 -0.196424
v -0.166664 -0.440961 -0.166664
v -0.135299 -0.461940 -0.135299
v -0.102631 -0.478470 -0.102631
v -0.068975 -0.490393 -0.068975
v -0.034654 -0.497592 -0.034654
v -0.317196 0.000000 -0.386505
v -0.315669 -0.049009 -0.384644
v -0.311102 -0.097545 -0.379079
v -0.303538 -0.145142 -0.369863
v -0.293051 -0.191342 -0.357084
v -0.279742 -0.235698 -0.340867
v -0.263739 -0.277785 -0.321367
v -0.245196 -0.317197 -0.298772
v -0.224292 -0.353553 -0.273300
v -0.201227 -0.386505 -0.245196
v -0.176225 -0.415735 -0.214731
v -0.149525 -0.440961 -0.182197
v -0.121386 -0.461940 -0.147909
v -0.092077 -0.478470 -0.112197
v -0.061882 -0.490393 -0.075403
v -0.031091 -0.497592 -0.037884
v -0.277785 0.000000 -0.415735
v -0.276447 -0.049009 -0.413733
v -0.272447 -0.097545 -0.407747
v -0.265824 -0.145142 -0.397833
v -0.256640 -0.191342 -0.384089
v -0.244984 -0.235698 -0.366645
v -0.230970 -0.277785 -0.345671
v -0.214731 -0.317197 -0.321367
v -0.196424 -0.353553 -0.293969
v -0.176225 -0.386505 -0.263739
v -0.154329 -0.415735 -0.230970
v -0.130947 -0.440961 -0.195976
v -0.106304 -0.461940 -0.159095
v -0.080637 -0.478470 -0.120681
v -0.054193 -0.490393 -0.081106
v -0.027228 -0.497592 -0.040749
v -0.235698 0.000000 -0.440961
v -0.234563 -0.049009 -0.438837
v -0.231169 -0.097545 -0.432488
v -0.225549 -0.145142 -0.421973
v -0.217757 -0.191342 -0.407394
v -0.207867 -0.235698 -0.388892
v -0.195976 -0.277785 -0.366645
v -0.182197 -0.317197 -0.340867
v -0.166664 -0.353553 -0.311806
v -0.149525 -0.386505 -0.279742
v -0.130947 -0.415735 -0.244985
v -0.111107 -0.440961 -0.207867
v -0.090198 -0.461940 -0.168748
v -0.068420 -0.478470 -0.128004
v -0.045982 -0.490393 -0.086027
v -0.023102 -0.497592 -0.043222
v -0.191341 0.000000 -0.461940
v -0.190420 -0.049009 -0.459715
v -0.187665 -0.097545 -0.453064
v -0.183103 -0.145142 -0.442049
v -0.176777 -0.191342 -0.426776
v -0.168748 -0.235698 -0.407394
v -0.159095 -0.277785 -0.384089
v -0.147909 -0.317197 -0.357084
v -0.135299 -0.353553 -0.326641
v -0.121386 -0.386505 -0.293051
v -0.106304 -0.415735 -0.256640
v -0.090198 -0.440961 -0.217757
v -0.073223 -0.461940 -0.176777
v -0.055544 -0.478470 -0.134094
v -0.037329 -0.490393 -0.090120
v -0.018755 -0.497592 -0.045278
v -0.145142 0.000000 -0.478470
v -0.144443 -0.049009 -0.476166
v -0.142353 -0.097545 -0.469276
v -0.138892 -0.145142 -0.457867
v -0.134094 -0.191342 -0.442049
v -0.128004 -0.235698 -0.421973
v -0.120682 -0.277785 -0.397833
v -0.112197 -0.317197 -0.369862
v -0.102631 -0.353553 -0.338329
v -0.092077 -0.386505 -0.303538
v -0.080637 -0.415735 -0.265824
v -0.068420 -0.440961 -0.225549
v -0.055543 -0.461940 -0.183102
v -0.042133 -0.478470 -0.138893
v -0.028316 -0.490393 -0.093345
v -0.014226 -0.497592 -0.046898
v -0.097545 0.000000 -0.490392
v -0.097075 -0.049009 -0.488031
v -0.095671 -0.097545 -0.480970
v -0.093345 -0.145142 -0.469277
v -0.090120 -0.191342 -0.453063
v -0.086027 -0.235698 -0.432488
v -0.081106 -0.277785 -0.407747
v -0.075403 -0.317197 -0.379078
v -0.068975 -0.353553 -0.346760
v -0.061882 -0.386505 -0.311102
v -0.054193 -0.415735 -0.272448
v -0.045982 -0.440961 -0.231169
v -0.037329 -0.461940 -0.187665
v -0.028316 -0.478470 -0.142353
v -0.019030 -0.490393 -0.095671
v -0.009561 -0.497592 -0.048067
v -0.049008 0.000000 -0.497592
v -0.048773 -0.049009 -0.495196
v -0.048067 -0.097545 -0.488031
v -0.046898 -0.145142 -0.476166
v -0.045278 -0.191342 -0.459715
v -0.043222 -0.235698 -0.438837
v -0.040749 -0.277785 -0.413733
v -0.037884 -0.317197 -0.384644
v -0.034654 -0.353553 -0.351851
v -0.031091 -0.386505 -0.315669
v -0.027228 -0.415735 -0.276448
v -0.023102 -0.440961 -0.234563
v -0.018755 -0.461940 -0.190420
v -0.014226 -0.478470 -0.144443
v -0.009561 -0.490393 -0.097075
v -0.004804 -0.497592 -0.048773
v 0.000000 -0.097545 -0.490393
v -0.000000 -0.277785 -0.415735
v -0.000000 -0.317197 -0.386505
v 0.000000 -0.353553 -0.353553
v -0.000000 -0.386505 -0.317197
v -0.000000 -0.415735 -0.277785
v 0.000000 -0.440961 -0.235698
v 0.000000 -0.461940 -0.191342
v 0.000000 -0.490393 -0.097545
vn -0.0000 -0.0491 -0.9988
vn -0.0000 -0.0979 -0.9952
vn -0.0000 -0.2899 -0.9571
vn -0.0000 -0.3821 -0.9241
vn -0.0000 -0.4708 -0.8823
vn -0.0000 -0.9565 -0.2917
vn -0.0000 -0.9950 -0.0995
vn -0.0000 -1.0000 -0.0000
vn 0.0979 -0.0491 -0.9940
vn 0.0975 -0.0979 -0.9904
vn 0.0961 -0.1948 -0.9761
vn 0.0938 -0.2899 -0.9525
vn 0.0906 -0.3821 -0.9197
vn 0.0865 -0.4708 -0.8780
vn 0.0815 -0.5549 -0.8279
vn 0.0758 -0.6336 -0.7699
vn 0.0694 -0.7063 -0.7045
vn 0.0623 -0.7723 -0.6322
vn 0.0546 -0.8308 -0.5539
vn 0.0463 -0.8813 -0.4703
vn 0.0376 -0.9233 -0.3821
vn 0.0286 -0.9565 -0.2903
vn 0.0193 -0.9805 -0.1956
vn 0.0098 -0.9950 -0.0991
vn 0.1949 -0.0491 -0.9796
vn 0.1942 -0.0979 -0.9761
vn 0.1914 -0.1948 -0.9620
vn 0.1867 -0.2899 -0.9387
vn 0.1803 -0.3821 -0.9063
vn 0.1721 -0.4708 -0.8653
vn 0.1623 -0.5549 -0.8160
vn 0.1509 -0.6336 -0.7588
vn 0.1381 -0.7063 -0.6943
vn 0.1239 -0.7723 -0.6231
vn 0.1086 -0.8308 -0.5459
vn 0.0922 -0.8813 -0.4635
vn 0.0749 -0.9233 -0.3766
vn 0.0569 -0.9565 -0.2861
vn 0.0383 -0.9805 -0.1928
vn 0.0194 -0.9950 -0.0976
vn 0.2899 -0.0491 -0.9558
vn 0.2889 -0.0979 -0.9523
vn 0.2847 -0.1948 -0.9386
vn 0.2778 -0.2899 -0.9159
vn 0.2683 -0.3821 -0.8843
vn 0.2561 -0.4708 -0.8443
vn 0.2415 -0.5549 -0.7961
vn 0.2246 -0.6336 -0.7403
vn 0.2055 -0.7063 -0.6774
vn 0.1844 -0.7723 -0.6080
vn 0.1616 -0.8308 -0.5327
vn 0.1372 -0.8813 -0.4522
vn 0.1115 -0.9233 -0.3675
vn 0.0847 -0.9565 -0.2791
vn 0.0571 -0.9805 -0.1881
vn 0.0289 -0.9950 -0.0952
vn 0.3822 -0.0491 -0.9228
vn 0.3808 -0.0979 -0.9194
vn 0.3754 -0.1948 -0.9062
vn 0.3663 -0.2899 -0.8842
vn 0.3536 -0.3821 -0.8538
vn 0.3376 -0.4708 -0.8151
vn 0.3184 -0.5549 -0.7686
vn 0.2961 -0.6336 -0.7147
vn 0.2709 -0.7063 -0.6540
vn 0.2431 -0.7723 -0.5869
vn 0.2130 -0.8308 -0.5143
vn 0.1809 -0.8813 -0.4366
vn 0.1469 -0.9233 -0.3548
vn 0.1116 -0.9565 -0.2695
vn 0.0752 -0.9805 -0.1816
vn 0.0381 -0.9950 -0.0920
vn 0.4708 -0.0491 -0.8809
vn 0.4691 -0.0979 -0.8777
vn 0.4624 -0.1948 -0.8650
vn 0.4512 -0.2899 -0.8441
vn 0.4356 -0.3821 -0.8150
vn 0.4159 -0.4708 -0.7781
vn 0.3922 -0.5549 -0.7337
vn 0.3647 -0.6336 -0.6823
vn 0.3337 -0.7063 -0.6243
vn 0.2995 -0.7723 -0.5603
vn 0.2624 -0.8308 -0.4909
vn 0.2228 -0.8813 -0.4168
vn 0.1810 -0.9233 -0.3386
vn 0.1375 -0.9565 -0.2572
vn 0.0927 -0.9805 -0.1734
vn 0.0469 -0.9950 -0.0878
vn 0.5549 -0.0491 -0.8305
vn 0.5529 -0.0979 -0.8275
vn 0.5449 -0.1948 -0.8155
vn 0.5317 -0.2899 -0.7958
vn 0.5134 -0.3821 -0.7684
vn 0.4902 -0.4708 -0.7336
vn 0.4622 -0.5549 -0.6917
vn 0.4298 -0.6336 -0.6432
vn 0.3933 -0.7063 -0.5886
vn 0.3530 -0.7723 -0.5282
vn 0.3092 -0.8308 -0.4628
vn 0.2626 -0.8813 -0.3929
vn 0.2133 -0.9233 -0.3193
vn 0.1621 -0.9565 -0.2425
vn 0.1092 -0.9805 -0.1634
vn 0.0553 -0.9950 -0.0828
vn 0.6336 -0.0491 -0.7721
vn 0.6313 -0.0979 -0.7693
vn 0.6222 -0.1948 -0.7582
vn 0.6072 -0.2899 -0.7398
vn 0.5862 -0.3821 -0.7143
vn 0.5597 -0.4708 -0.6820
vn 0.5278 -0.5549 -0.6431
vn 0.4908 -0.6336 -0.5980
vn 0.4491 -0.7063 -0.5472
vn 0.4030 -0.7723 -0.4911
vn 0.3531 -0.8308 -0.4303
vn 0.2998 -0.8813 -0.3653
vn 0.2436 -0.9233 -0.2968
vn 0.1850 -0.9565 -0.2255
vn 0.1247 -0.9805 -0.1519
vn 0.0631 -0.9950 -0.0769
vn 0.7063 -0.0491 -0.7063
vn 0.7037 -0.0979 -0.7037
vn 0.6936 -0.1948 -0.6936
vn 0.6767 -0.2899 -0.6768
vn 0.6534 -0.3821 -0.6534
vn 0.6239 -0.4708 -0.6239
vn 0.5883 -0.5549 -0.5883
vn 0.5470 -0.6336 -0.5470
vn 0.5005 -0.7063 -0.5005
vn 0.4492 -0.7723 -0.4492
vn 0.3936 -0.8308 -0.3936
vn 0.3342 -0.8813 -0.3342
vn 0.2715 -0.9233 -0.2715
vn 0.2063 -0.9565 -0.2063
vn 0.1390 -0.9805 -0.1390
vn 0.0704 -0.9950 -0.0704
vn 0.7721 -0.0491 -0.6336
vn 0.7693 -0.0979 -0.6313
vn 0.7582 -0.1948 -0.6222
vn 0.7398 -0.2899 -0.6072
vn 0.7143 -0.3821 -0.5862
vn 0.6820 -0.4708 -0.5597
vn 0.6431 -0.5549 -0.5278
vn 0.5980 -0.6336 -0.4908
vn 0.5472 -0.7063 -0.4491
vn 0.4911 -0.7723 -0.4030
vn 0.4303 -0.8308 -0.3531
vn 0.3653 -0.8813 -0.2998
vn 0.2968 -0.9233 -0.2436
vn 0.2255 -0.9565 -0.1850
vn 0.1519 -0.9805 -0.1247
vn 0.0769 -0.9950 -0.0631
vn 0.8305 -0.0491 -0.5549
vn 0.8275 -0.0979 -0.5529
vn 0.8155 -0.1948 -0.5449
vn 0.7958 -0.2899 -0.5317
vn 0.7684 -0.3821 -0.5134
vn 0.7336 -0.4708 -0.4902
vn 0.6917 -0.5549 -0.4622
vn 0.6432 -0.6336 -0.4298
vn 0.5886 -0.7063 -0.3933
vn 0.5282 -0.7723 -0.3530
vn 0.4628 -0.8308 -0.3092
vn 0.3929 -0.8813 -0.2626
vn 0.3193 -0.9233 -0.2133
vn 0.2425 -0.9565 -0.1621
vn 0.1634 -0.9805 -0.1092
vn 0.0828 -0.9950 -0.0553
vn 0.8809 -0.0491 -0.4708
vn 0.8777 -0.0979 -0.4691
vn 0.8650 -0.1948 -0.4624
vn 0.8441 -0.2899 -0.4512
vn 0.8150 -0.3821 -0.4356
vn 0.7781 -0.4708 -0.4159
vn 0.7337 -0.5549 -0.3922
vn 0.6823 -0.6336 -0.3647
vn 0.6243 -0.7063 -0.3337
vn 0.5603 -0.7723 -0.2995
vn 0.4909 -0.8308 -0.2624
vn 0.4168 -0.8813 -0.2228
vn 0.3386 -0.9233 -0.1810
vn 0.2572 -0.9565 -0.1375
vn 0.1734 -0.9805 -0.0927
vn 0.0878 -0.9950 -0.0469
vn 0.9228 -0.0491 -0.3822
vn 0.9194 -0.0979 -0.3808
vn 0.9062 -0.1948 -0.3754
vn 0.8842 -0.2899 -0.3663
vn 0.8538 -0.3821 -0.3536
vn 0.8151 -0.4708 -0.3376
vn 0.7686 -0.5549 -0.3184
vn 0.7147 -0.6336 -0.2961
vn 0.6540 -0.7063 -0.2709
vn 0.5869 -0.7723 -0.2431
vn 0.5143 -0.8308 -0.2130
vn 0.4366 -0.8813 -0.1809
vn 0.3548 -0.9233 -0.1469
vn 0.2695 -0.9565 -0.1116
vn 0.1816 -0.9805 -0.0752
vn 0.0920 -0.9950 -0.0381
vn 0.9558 -0.0491 -0.2899
vn 0.9523 -0.0979 -0.2889
vn 0.9386 -0.1948 -0.2847
vn 0.9159 -0.2899 -0.2778
vn 0.8843 -0.3821 -0.2683
vn 0.8443 -0.4708 -0.2561
vn 0.7961 -0.5549 -0.2415
vn 0.7403 -0.6336 -0.2246
vn 0.6774 -0.7063 -0.2055
vn 0.6080 -0.7723 -0.1844
vn 0.5327 -0.8308 -0.1616
vn 0.4522 -0.8813 -0.1372
vn 0.3675 -0.9233 -0.1115
vn 0.2791 -0.9565 -0.0847
vn 0.1881 -0.9805 -0.0571
vn 0.0952 -0.9950 -0.0289
vn 0.9796 -0.0491 -0.1949
vn 0.9761 -0.0979 -0.1942
vn 0.9620 -0.1948 -0.1914
vn 0.9387 -0.2899 -0.1867
vn 0.9063 -0.3821 -0.1803
vn 0.8653 -0.4708 -0.1721
vn 0.8160 -0.5549 -0.1623
vn 0.7588 -0.6336 -0.1509
vn 0.6943 -0.7063 -0.1381
vn 0.6231 -0.7723 -0.1239
vn 0.5459 -0.8308 -0.1086
vn 0.4635 -0.8813 -0.0922
vn 0.3766 -0.9233 -0.0749
vn 0.2861 -0.9565 -0.0569
vn 0.1928 -0.9805 -0.0383
vn 0.0976 -0.9950 -0.0194
vn 0.9940 -0.0491 -0.0979
vn 0.9904 -0.0979 -0.0975
vn 0.9761 -0.1948 -0.0961
vn 0.9525 -0.2899 -0.0938
vn 0.9197 -0.3821 -0.0906
vn 0.8780 -0.4708 -0.0865
vn 0.8279 -0.5549 -0.0815
vn 0.7699 -0.6336 -0.0758
vn 0.7045 -0.7063 -0.0694
vn 0.6322 -0.7723 -0.0623
vn 0.5539 -0.8308 -0.0546
vn 0.4703 -0.8813 -0.0463
vn 0.3821 -0.9233 -0.0376
vn 0.2903 -0.9565 -0.0286
vn 0.1956 -0.9805 -0.0193
vn 0.0991 -0.9950 -0.0098
vn 0.9988 -0.0491 -0.0000
vn 0.9952 -0.0979 -0.0000
vn 0.9808 -0.1948 -0.0000
vn 0.9571 -0.2899 -0.0000
vn 0.9241 -0.3821 -0.0000
vn 0.8823 -0.4708 -0.0000
vn 0.8319 -0.5549 -0.0000
vn 0.7736 -0.6336 -0.0000
vn 0.7079 -0.7063 -0.0000
vn 0.6353 -0.7723 -0.0000
vn 0.5566 -0.8308 -0.0000
vn 0.4726 -0.8813 -0.0000
vn 0.3840 -0.9233 -0.0000
vn 0.2917 -0.9565 -0.0000
vn 0.1966 -0.9805 -0.0000
vn 0.0995 -0.9950 -0.0000
vn 0.9940 -0.0491 0.0979
vn 0.9904 -0.0979 0.0975
vn 0.9761 -0.1948 0.0961
vn 0.9525 -0.2899 0.0938
vn 0.9197 -0.3821 0.0906
vn 0.8780 -0.4708 0.0865
vn 0.8279 -0.5549 0.0815
vn 0.7699 -0.6336 0.0758
vn 0.7045 -0.7063 0.0694
vn 0.6322 -0.7723 0.0623
vn 0.5539 -0.8308 0.0546
vn 0.4703 -0.8813 0.0463
vn 0.3821 -0.9233 0.0376
vn 0.2903 -0.9565 0.0286
vn 0.1956 -0.9805 0.0193
vn 0.0991 -0.9950 0.0098
vn 0.9796 -0.0491 0.1949
vn 0.9761 -0.0979 0.1942
vn 0.9620 -0.1948 0.1914
vn 0.9387 -0.2899 0.1867
vn 0.9063 -0.3821 0.1803
vn 0.8653 -0.4708 0.1721
vn 0.8160 -0.5549 0.1623
vn 0.7588 -0.6336 0.1509
vn 0.6943 -0.7063 0.1381
vn 0.6231 -0.7723 0.1239
vn 0.5459 -0.8308 0.1086
vn 0.4635 -0.8813 0.0922
vn 0.3766 -0.9233 0.0749
vn 0.2861 -0.9565 0.0569
vn 0.1928 -0.9805 0.0383
vn 0.0976 -0.9950 0.0194
vn 0.9558 -0.0491 0.2899
vn 0.9523 -0.0979 0.2889
vn 0.9386 -0.1948 0.2847
vn 0.9159 -0.2899 0.2778
vn 0.8843 -0.3821 0.2683
vn 0.8443 -0.4708 0.2561
vn 0.7961 -0.5549 0.2415
vn 0.7403 -0.6336 0.2246
vn 0.6774 -0.7063 0.2055
vn 0.6080 -0.7723 0.1844
vn 0.5327 -0.8308 0.1616
vn 0.4522 -0.8813 0.1372
vn 0.3675 -0.9233 0.1115
vn 0.2791 -0.9565 0.0847
vn 0.1881 -0.9805 0.0571
vn 0.0952 -0.9950 0.0289
vn 0.9228 -0.0491 0.3822
vn 0.9194 -0.0979 0.3808
vn 0.9062 -0.1948 0.3754
vn 0.8842 -0.2899 0.3663
vn 0.8538 -0.3821 0.3536
vn 0.8151 -0.4708 0.3376
vn 0.7686 -0.5549 0.3184
vn 0.7147 -0.6336 0.2961
vn 0.6540 -0.7063 0.2709
vn 0.5869 -0.7723 0.2431
vn 0.5143 -0.8308 0.2130
vn 0.4366 -0.8813 0.1809
vn 0.3548 -0.9233 0.1469
vn 0.2695 -0.9565 0.1116
vn 0.1816 -0.9805 0.0752
vn 0.0920 -0.9950 0.0381
vn 0.8809 -0.0491 0.4708
vn 0.8777 -0.0979 0.4691
vn 0.8650 -0.1948 0.4624
vn 0.8441 -0.2899 0.4512
vn 0.8150 -0.3821 0.4356
vn 0.7781 -0.4708 0.4159
vn 0.7337 -0.5549 0.3922
vn 0.6823 -0.6336 0.3647
vn 0.6243 -0.7063 0.3337
vn 0.5603 -0.7723 0.2995
vn 0.4909 -0.8308 0.2624
vn 0.4168 -0.8813 0.2228
vn 0.3386 -0.9233 0.1810
vn 0.2572 -0.9565 0.1375
vn 0.1734 -0.9805 0.0927
vn 0.0878 -0.9950 0.0469
vn 0.8305 -0.0491 0.5549
vn 0.8275 -0.0979 0.5529
vn 0.8155 -0.1948 0.5449
vn 0.7958 -0.2899 0.5317
vn 0.7684 -0.3821 0.5134
vn 0.7336 -0.4708 0.4902
vn 0.6917 -0.5549 0.4622
vn 0.6432 -0.6336 0.4298
vn 0.5886 -0.7063 0.3933
vn 0.5282 -0.7723 0.3530
vn 0.4628 -0.8308 0.3092
vn 0.3929 -0.8813 0.2626
vn 0.3193 -0.9233 0.2133
vn 0.2425 -0.9565 0.1621
vn 0.1634 -0.9805 0.1092
vn 0.0828 -0.9950 0.0553
vn 0.7721 -0.0491 0.6336
vn 0.7693 -0.0979 0.6313
vn 0.7582 -0.1948 0.6222
vn 0.7398 -0.2899 0.6072
vn 0.7143 -0.3821 0.5862
vn 0.6820 -0.4708 0.5597
vn 0.6431 -0.5549 0.5278
vn 0.5980 -0.6336 0.4908
vn 0.5472 -0.7063 0.4491
vn 0.4911 -0.7723 0.4030
vn 0.4303 -0.8308 0.3531
vn 0.3653 -0.8813 0.2998
vn 0.2968 -0.9233 0.2436
vn 0.2255 -0.9565 0.1850
vn 0.1519 -0.9805 0.1247
vn 0.0769 -0.9950 0.0631
vn 0.7063 -0.0491 0.7063
vn 0.7037 -0.0979 0.7037
vn 0.6936 -0.1948 0.6936
vn 0.6767 -0.2899 0.6767
vn 0.6534 -0.3821 0.6534
vn 0.6239 -0.4708 0.6239
vn 0.5883 -0.5549 0.5883
vn 0.5470 -0.6336 0.5470
vn 0.5005 -0.7063 0.5005
vn 0.4492 -0.7723 0.4492
vn 0.3936 -0.8308 0.3936
vn 0.3342 -0.8813 0.3342
vn 0.2715 -0.9233 0.2715
vn 0.2063 -0.9565 0.2063
vn 0.1390 -0.9805 0.1390
vn 0.0704 -0.9950 0.0704
vn 0.6336 -0.0491 0.7721
vn 0.6313 -0.0979 0.7693
vn 0.6222 -0.1948 0.7582
vn 0.6072 -0.2899 0.7398
vn 0.5862 -0.3821 0.7143
vn 0.5597 -0.4708 0.6820
vn 0.5278 -0.5549 0.6431
vn 0.4908 -0.6336 0.5980
vn 0.4491 -0.7063 0.5472
vn 0.4030 -0.7723 0.4911
vn 0.3531 -0.8308 0.4303
vn 0.2998 -0.8813 0.3653
vn 0.2436 -0.9233 0.2968
vn 0.1850 -0.9565 0.2255
vn 0.1247 -0.9805 0.1519
vn 0.0631 -0.9950 0.0769
vn 0.5549 -0.0491 0.8305
vn 0.5529 -0.0979 0.8275
vn 0.5449 -0.1948 0.8155
vn 0.5317 -0.2899 0.7958
vn 0.5134 -0.3821 0.7684
vn 0.4902 -0.4708 0.7336
vn 0.4622 -0.5549 0.6917
vn 0.4298 -0.6336 0.6432
vn 0.3933 -0.7063 0.5886
vn 0.3530 -0.7723 0.5282
vn 0.3092 -0.8308 0.4628
vn 0.2626 -0.8813 0.3929
vn 0.2133 -0.9233 0.3193
vn 0.1621 -0.9565 0.2425
vn 0.1092 -0.9805 0.1634
vn 0.0553 -0.9950 0.0828
vn 0.4708 -0.0491 0.8809
vn 0.4691 -0.0979 0.8777
vn 0.4624 -0.1948 0.8650
vn 0.4512 -0.2899 0.8441
vn 0.4356 -0.3821 0.8150
vn 0.4159 -0.4708 0.7781
vn 0.3922 -0.5549 0.7337
vn 0.3647 -0.6336 0.6823
vn 0.3337 -0.7063 0.6243
vn 0.2995 -0.7723 0.5603
vn 0.2624 -0.8308 0.4909
vn 0.2228 -0.8813 0.4168
vn 0.1810 -0.9233 0.3386
vn 0.1375 -0.9565 0.2572
vn 0.0927 -0.9805 0.1734
vn 0.0469 -0.9950 0.0878
vn 0.3822 -0.0491 0.9228
vn 0.3808 -0.0979 0.9194
vn 0.3754 -0.1948 0.9062
vn 0.3663 -0.2899 0.8842
vn 0.3536 -0.3821 0.8538
vn 0.3376 -0.4708 0.8151
vn 0.3184 -0.5549 0.7686
vn 0.2961 -0.6336 0.7147
vn 0.2709 -0.7063 0.6540
vn 0.2431 -0.7723 0.5869
vn 0.2130 -0.8308 0.5143
vn 0.1809 -0.8813 0.4366
vn 0.1469 -0.9233 0.3548
vn 0.1116 -0.9565 0.2695
vn 0.0752 -0.9805 0.1816
vn 0.0381 -0.9950 0.0920
vn 0.2899 -0.0491 0.9558
vn 0.2889 -0.0979 0.9523
vn 0.2847 -0.1948 0.9386
vn 0.2778 -0.2899 0.9159
vn 0.2683 -0.3821 0.8843
vn 0.2561 -0.4708 0.8443
vn 0.2415 -0.5549 0.7961
vn 0.2246 -0.6336 0.7403
vn 0.2055 -0.7063 0.6774
vn 0.1844 -0.7723 0.6080
vn 0.1616 -0.8308 0.5327
vn 0.1372 -0.8813 0.4522
vn 0.1115 -0.9233 0.3675
vn 0.0847 -0.9565 0.2791
vn 0.0571 -0.9805 0.1881
vn 0.0289 -0.9950 0.0952
vn 0.1949 -0.0491 0.9796
vn 0.1942 -0.0979 0.9761
vn 0.1914 -0.1948 0.9620
vn 0.1867 -0.2899 0.9387
vn 0.1803 -0.3821 0.9063
vn 0.1721 -0.4708 0.8653
vn 0.1623 -0.5549 0.8160
vn 0.1509 -0.6336 0.7588
vn 0.1381 -0.7063 0.6943
vn 0.1239 -0.7723 0.6231
vn 0.1086 -0.8308 0.5459
vn 0.0922 -0.8813 0.4635
vn 0.0749 -0.9233 0.3766
vn 0.0569 -0.9565 0.2861
vn 0.0383 -0.9805 0.1928
vn 0.0194 -0.9950 0.0976
vn 0.0979 -0.0491 0.9940
vn 0.0975 -0.0979 0.9904
vn 0.0961 -0.1948 0.9761
vn 0.0938 -0.2899 0.9525
vn 0.0906 -0.3821 0.9197
vn 0.0865 -0.4708 0.8780
vn 0.0815 -0.5549 0.8279
vn 0.0758 -0.6336 0.7699
vn 0.0694 -0.7063 0.7045
vn 0.0623 -0.7723 0.6322
vn 0.0546 -0.8308 0.5539
vn 0.0463 -0.8813 0.4703
vn 0.0376 -0.9233 0.3821
vn 0.0286 -0.9565 0.2903
vn 0.0193 -0.9805 0.1956
vn 0.0098 -0.9950 0.0991
vn -0.0000 -0.0491 0.9988
vn -0.0000 -0.0979 0.9952
vn -0.0000 -0.1948 0.9808
vn -0.0000 -0.2899 0.9571
vn -0.0000 -0.3821 0.9241
vn -0.0000 -0.4708 0.8823
vn -0.0000 -0.5549 0.8319
vn -0.0000 -0.6336 0.7736
vn -0.0000 -0.7063 0.7079
vn -0.0000 -0.7723 0.6353
vn -0.0000 -0.8308 0.5566
vn -0.0000 -0.8813 0.4726
vn -0.0000 -0.9233 0.3840
vn -0.0000 -0.9565 0.2917
vn -0.0000 -0.9805 0.1966
vn -0.0000 -0.9950 0.0995
vn -0.0979 -0.0491 0.9940
vn -0.0975 -0.0979 0.9904
vn -0.0961 -0.1948 0.9761
vn -0.0938 -0.2899 0.9525
vn -0.0906 -0.3821 0.9197
vn -0.0865 -0.4708 0.8780
vn -0.0815 -0.5549 0.8279
vn -0.0758 -0.6336 0.7699
vn -0.0694 -0.7063 0.7045
vn -0.0623 -0.7723 0.6322
vn -0.0546 -0.8308 0.5539
vn -0.0463 -0.8813 0.4703
vn -0.0376 -0.9233 0.3821
vn -0.0286 -0.9565 0.2903
vn -0.0193 -0.9805 0.1956
vn -0.0098 -0.9950 0.0991
vn -0.1949 -0.0491 0.9796
vn -0.1942 -0.0979 0.9761
vn -0.1914 -0.1948 0.9620
vn -0.1867 -0.2899 0.9387
vn -0.1803 -0.3821 0.9063
vn -0.1721 -0.4708 0.8653
vn -0.1623 -0.5549 0.8160
vn -0.1509 -0.6336 0.7588
vn -0.1381 -0.7063 0.6943
vn -0.1239 -0.7723 0.6231
vn -0.1086 -0.8308 0.5459
vn -0.0922 -0.8813 0.4635
vn -0.0749 -0.9233 0.3766
vn -0.0569 -0.9565 0.2861
vn -0.0383 -0.9805 0.1928
vn -0.0194 -0.9950 0.0976
vn -0.2899 -0.0491 0.9558
vn -0.2889 -0.0979 0.9523
vn -0.2847 -0.1948 0.9386
vn -0.2778 -0.2899 0.9159
vn -0.2683 -0.3821 0.8843
vn -0.2561 -0.4708 0.8443
vn -0.2415 -0.5549 0.7961
vn -0.2246 -0.6336 0.7403
vn -0.2055 -0.7063 0.6774
vn -0.1844 -0.7723 0.6080
vn -0.1616 -0.8308 0.5327
vn -0.1372 -0.8813 0.4522
vn -0.1115 -0.9233 0.3675
vn -0.0847 -0.9565 0.2791
vn -0.0571 -0.9805 0.1881
vn -0.0289 -0.9950 0.0952
vn -0.3822 -0.0491 0.9228
vn -0.3808 -0.0979 0.9194
vn -0.3754 -0.1948 0.9062
vn -0.3663 -0.2899 0.8842
vn -0.3536 -0.3821 0.8538
vn -0.3376 -0.4708 0.8151
vn -0.3184 -0.5549 0.7686
vn -0.2961 -0.6336 0.7147
vn -0.2709 -0.7063 0.6540
vn -0.2431 -0.7723 0.5869
vn -0.2130 -0.8308 0.5143
vn -0.1809 -0.8813 0.4366
vn -0.1469 -0.9233 0.3548
vn -0.1116 -0.9565 0.2695
vn -0.0752 -0.9805 0.1816
vn -0.0381 -0.9950 0.0920
vn -0.4708 -0.0491 0.8809
vn -0.4691 -0.0979 0.8777
vn -0.4624 -0.1948 0.8650
vn -0.4512 -0.2899 0.8441
vn -0.4356 -0.3821 0.8150
vn -0.4159 -0.4708 0.7781
vn -0.3922 -0.5549 0.7337
vn -0.3647 -0.6336 0.6823
vn -0.3337 -0.7063 0.6243
vn -0.2995 -0.7723 0.5603
vn -0.2624 -0.8308 0.4909
vn -0.2228 -0.8813 0.4168
vn -0.1810 -0.9233 0.3386
vn -0.1375 -0.9565 0.2572
vn -0.0927 -0.9805 0.1734
vn -0.0469 -0.9950 0.0878
vn -0.5549 -0.0491 0.8305
vn -0.5529 -0.0979 0.8275
vn -0.5449 -0.1948 0.8155
vn -0.5317 -0.2899 0.7958
vn -0.5134 -0.3821 0.7684
vn -0.4902 -0.4708 0.7336
vn -0.4622 -0.5549 0.6917
vn -0.4298 -0.6336 0.6432
vn -0.3933 -0.7063 0.5886
vn -0.3530 -0.7723 0.5282
vn -0.3092 -0.8308 0.4628
vn -0.2626 -0.8813 0.3929
vn -0.2133 -0.9233 0.3193
vn -0.1621 -0.9565 0.2425
vn -0.1092 -0.9805 0.1634
vn -0.0553 -0.9950 0.0828
vn -0.6336 -0.0491 0.7721
vn -0.6313 -0.0979 0.7693
vn -0.6222 -0.1948 0.7582
vn -0.6072 -0.2899 0.7398
vn -0.5862 -0.3821 0.7143
vn -0.5597 -0.4708 0.6820
vn -0.5278 -0.5549 0.6431
vn -0.4908 -0.6336 0.5980
vn -0.4491 -0.7063 0.5472
vn -0.4030 -0.7723 0.4911
vn -0.3531 -0.8308 0.4303
vn -0.2998 -0.8813 0.3653
vn -0.2436 -0.9233 0.2968
vn -0.1850 -0.9565 0.2255
vn -0.1247 -0.9805 0.1519
vn -0.0631 -0.9950 0.0769
vn -0.7063 -0.0491 0.7063
vn -0.7037 -0.0979 0.7037
vn -0.6936 -0.1948 0.6936
vn -0.6767 -0.2899 0.6767
vn -0.6534 -0.3821 0.6534
vn -0.6239 -0.4708 0.6239
vn -0.5883 -0.5549 0.5883
vn -0.5470 -0.6336 0.5470
vn -0.5005 -0.7063 0.5005
vn -0.4492 -0.7723 0.4492
vn -0.3936 -0.8308 0.3936
vn -0.3342 -0.8813 0.3342
vn -0.2715 -0.9233 0.2715
vn -0.2063 -0.9565 0.2063
vn -0.1390 -0.9805 0.1390
vn -0.0704 -0.9950 0.0704
vn -0.7721 -0.0491 0.6336
vn -0.7693 -0.0979 0.6313
vn -0.7582 -0.1948 0.6222
vn -0.7398 -0.2899 0.6072
vn -0.7143 -0.3821 0.5862
vn -0.6820 -0.4708 0.5597
vn -0.6431 -0.5549 0.5278
vn -0.5980 -0.6336 0.4908
vn -0.5472 -0.7063 0.4491
vn -0.4911 -0.7723 0.4030
vn -0.4303 -0.8308 0.3531
vn -0.3653 -0.8813 0.2998
vn -0.2968 -0.9233 0.2436
vn -0.2255 -0.9565 0.1850
vn -0.1519 -0.9805 0.1247
vn -0.0769 -0.9950 0.0631
vn -0.8305 -0.0491 0.5549
vn -0.8275 -0.0979 0.5529
vn -0.8155 -0.1948 0.5449
vn -0.7958 -0.2899 0.5317
vn -0.7684 -0.3821 0.5134
vn -0.7336 -0.4708 0.4902
vn -0.6917 -0.5549 0.4622
vn -0.6432 -0.6336 0.4298
vn -0.5886 -0.7063 0.3933
vn -0.5282 -0.7723 0.3530
vn -0.4628 -0.8308 0.3092
vn -0.3929 -0.8813 0.2626
vn -0.3193 -0.9233 0.2133
vn -0.2425 -0.9565 0.1621
vn -0.1634 -0.9805 0.1092
vn -0.0828 -0.9950 0.0553
vn -0.8809 -0.0491 0.4708
vn -0.8777 -0.0979 0.4691
vn -0.8650 -0.1948 0.4624
vn -0.8441 -0.2899 0.4512
vn -0.8150 -0.3821 0.4356
vn -0.7781 -0.4708 0.4159
vn -0.7337 -0.5549 0.3922
vn -0.6823 -0.6336 0.3647
vn -0.6243 -0.7063 0.3337
vn -0.5603 -0.7723 0.2995
vn -0.4909 -0.8308 0.2624
vn -0.4168 -0.8813 0.2228
vn -0.3386 -0.9233 0.1810
vn -0.2572 -0.9565 0.1375
vn -0.1734 -0.9805 0.0927
vn -0.0878 -0.9950 0.0469
vn -0.9228 -0.0491 0.3822
vn -0.9194 -0.0979 0.3808
vn -0.9062 -0.1948 0.3754
vn -0.8842 -0.2899 0.3663
vn -0.8538 -0.3821 0.3536
vn -0.8151 -0.4708 0.3376
vn -0.7686 -0.5549 0.3184
vn -0.7147 -0.6336 0.2961
vn -0.6540 -0.7063 0.2709
vn -0.5869 -0.7723 0.2431
vn -0.5143 -0.8308 0.2130
vn -0.4366 -0.8813 0.1809
vn -0.3548 -0.9233 0.1469
vn -0.2695 -0.9565 0.1116
vn -0.1816 -0.9805 0.0752
vn -0.0920 -0.9950 0.0381
vn -0.9558 -0.0491 0.2899
vn -0.9523 -0.0979 0.2889
vn -0.9386 -0.1948 0.2847
vn -0.9159 -0.2899 0.2778
vn -0.8843 -0.3821 0.2683
vn -0.8443 -0.4708 0.2561
vn -0.7961 -0.5549 0.2415
vn -0.7403 -0.6336 0.2246
vn -0.6774 -0.7063 0.2055
vn -0.6080 -0.7723 0.1844
vn -0.5327 -0.8308 0.1616
vn -0.4522 -0.8813 0.1372
vn -0.3675 -0.9233 0.1115
vn -0.2791 -0.9565 0.0847
vn -0.1881 -0.9805 0.0571
vn -0.0952 -0.9950 0.0289
vn -0.9796 -0.0491 0.1949
vn -0.9761 -0.0979 0.1942
vn -0.9620 -0.1948 0.1914
vn -0.9387 -0.2899 0.1867
vn -0.9063 -0.3821 0.1803
vn -0.8653 -0.4708 0.1721
vn -0.8160 -0.5549 0.1623
vn -0.7588 -0.6336 0.1509
vn -0.6943 -0.7063 0.1381
vn -0.6231 -0.7723 0.1239
vn -0.5459 -0.8308 0.1086
vn -0.4635 -0.8813 0.0922
vn -0.3766 -0.9233 0.0749
vn -0.2861 -0.9565 0.0569
vn -0.1928 -0.9805 0.0383
vn -0.0976 -0.9950 0.0194
vn -0.9940 -0.0491 0.0979
vn -0.9904 -0.0979 0.0975
vn -0.9761 -0.1948 0.0961
vn -0.9525 -0.2899 0.0938
vn -0.9197 -0.3821 0.0906
vn -0.8780 -0.4708 0.0865
vn -0.8279 -0.5549 0.0815
vn -0.7699 -0.6336 0.0758
vn -0.7045 -0.7063 0.0694
vn -0.6322 -0.7723 0.0623
vn -0.5539 -0.8308 0.0546
vn -0.4703 -0.8813 0.0463
vn -0.3821 -0.9233 0.0376
vn -0.2903 -0.9565 0.0286
vn -0.1956 -0.9805 0.0193
vn -0.0991 -0.9950 0.0098
vn -0.9988 -0.0491 -0.0000
vn -0.9952 -0.0979 -0.0000
vn -0.9808 -0.1948 -0.0000
vn -0.9571 -0.2899 -0.0000
vn -0.9241 -0.3821 -0.0000
vn -0.8823 -0.4708 -0.0000
vn -0.8319 -0.5549 -0.0000
vn -0.7736 -0.6336 -0.0000
vn -0.7079 -0.7063 -0.0000
vn -0.6353 -0.7723 -0.0000
vn -0.5566 -0.8308 -0.0000
vn -0.4726 -0.8813 -0.0000
vn -0.3840 -0.9233 -0.0000
vn -0.2917 -0.9565 -0.0000
vn -0.1966 -0.9805 -0.0000
vn -0.0995 -0.9950 -0.0000
vn -0.9940 -0.0491 -0.0979
vn -0.9904 -0.0979 -0.0975
vn -0.9761 -0.1948 -0.0961
vn -0.9525 -0.2899 -0.0938
vn -0.9197 -0.3821 -0.0906
vn -0.8780 -0.4708 -0.0865
vn -0.8279 -0.5549 -0.0815
vn -0.7699 -0.6336 -0.0758
vn -0.7045 -0.7063 -0.0694
vn -0.6322 -0.7723 -0.0623
vn -0.5539 -0.8308 -0.0546
vn -0.4703 -0.8813 -0.0463
vn -0.3821 -0.9233 -0.0376
vn -0.2903 -0.9565 -0.0286
vn -0.1956 -0.9805 -0.0193
vn -0.0991 -0.9950 -0.0098
vn -0.9796 -0.0491 -0.1949
vn -0.9761 -0.0979 -0.1942
vn -0.9620 -0.1948 -0.1914
vn -0.9387 -0.2899 -0.1867
vn -0.9063 -0.3821 -0.1803
vn -0.8653 -0.4708 -0.1721
vn -0.8160 -0.5549 -0.1623
vn -0.7588 -0.6336 -0.1509
vn -0.6943 -0.7063 -0.1381
vn -0.6231 -0.7723 -0.1239
vn -0.5459 -0.8308 -0.1086
vn -0.4635 -0.8813 -0.0922
vn -0.3766 -0.9233 -0.0749
vn -0.2861 -0.9565 -0.0569
vn -0.1928 -0.9805 -0.0383
vn -0.0976 -0.9950 -0.0194
vn -0.9558 -0.0491 -0.2899
vn -0.9523 -0.0979 -0.2889
vn -0.9386 -0.1948 -0.2847
vn -0.9159 -0.2899 -0.2778
vn -0.8843 -0.3821 -0.2683
vn -0.8443 -0.4708 -0.2561
vn -0.7961 -0.5549 -0.2415
vn -0.7403 -0.6336 -0.2246
vn -0.6774 -0.7063 -0.2055
vn -0.6080 -0.7723 -0.1844
vn -0.5327 -0.8308 -0.1616
vn -0.4522 -0.8813 -0.1372
vn -0.3675 -0.9233 -0.1115
vn -0.2791 -0.9565 -0.0847
vn -0.1881 -0.9805 -0.0571
vn -0.0952 -0.9950 -0.0289
vn -0.9228 -0.0491 -0.3822
vn -0.9194 -0.0979 -0.3808
vn -0.9062 -0.1948 -0.3754
vn -0.8842 -0.2899 -0.3663
vn -0.8538 -0.3821 -0.3536
vn -0.8151 -0.4708 -0.3376
vn -0.7686 -0.5549 -0.3184
vn -0.7147 -0.6336 -0.2961
vn -0.6540 -0.7063 -0.2709
vn -0.5869 -0.7723 -0.2431
vn -0.5143 -0.8308 -0.2130
vn -0.4366 -0.8813 -0.1809
vn -0.3548 -0.9233 -0.1469
vn -0.2695 -0.9565 -0.1116
vn -0.1816 -0.9805 -0.0752
vn -0.0920 -0.9950 -0.0381
vn -0.8809 -0.0491 -0.4708
vn -0.8777 -0.0979 -0.4691
vn -0.8650 -0.1948 -0.4624
vn -0.8441 -0.2899 -0.4512
vn -0.8150 -0.3821 -0.4356
vn -0.7781 -0.4708 -0.4159
vn -0.7337 -0.5549 -0.3922
vn -0.6823 -0.6336 -0.3647
vn -0.6243 -0.7063 -0.3337
vn -0.5603 -0.7723 -0.2995
vn -0.4909 -0.8308 -0.2624
vn -0.4168 -0.8813 -0.2228
vn -0.3386 -0.9233 -0.1810
vn -0.2572 -0.9565 -0.1375
vn -0.1734 -0.9805 -0.0927
vn -0.0878 -0.9950 -0.0469
vn -0.8305 -0.0491 -0.5549
vn -0.8275 -0.0979 -0.5529
vn -0.8155 -0.1948 -0.5449
vn -0.7958 -0.2899 -0.5317
vn -0.7684 -0.3821 -0.5134
vn -0.7336 -0.4708 -0.4902
vn -0.6917 -0.5549 -0.4622
vn -0.6432 -0.6336 -0.4298
vn -0.5886 -0.7063 -0.3933
vn -0.5282 -0.7723 -0.3530
vn -0.4628 -0.8308 -0.3092
vn -0.3929 -0.8813 -0.2626
vn -0.3193 -0.9233 -0.2133
vn -0.2425 -0.9565 -0.1621
vn -0.1634 -0.9805 -0.1092
vn -0.0828 -0.9950 -0.0553
vn -0.7721 -0.0491 -0.6336
vn -0.7693 -0.0979 -0.6313
vn -0.7582 -0.1948 -0.6222
vn -0.7398 -0.2899 -0.6072
vn -0.7143 -0.3821 -0.5862
vn -0.6820 -0.4708 -0.5597
vn -0.6431 -0.5549 -0.5278
vn -0.5980 -0.6336 -0.4908
vn -0.5472 -0.7063 -0.4491
vn -0.4911 -0.7723 -0.4030
vn -0.4303 -0.8308 -0.3531
vn -0.3653 -0.8813 -0.2998
vn -0.2968 -0.9233 -0.2436
vn -0.2255 -0.9565 -0.1850
vn -0.1519 -0.9805 -0.1247
vn -0.0769 -0.9950 -0.0631
vn -0.7063 -0.0491 -0.7063
vn -0.7037 -0.0979 -0.7037
vn -0.6936 -0.1948 -0.6936
vn -0.6767 -0.2899 -0.6767
vn -0.6534 -0.3821 -0.6534
vn -0.6239 -0.4708 -0.6239
vn -0.5883 -0.5549 -0.5883
vn -0.5470 -0.6336 -0.5470
vn -0.5005 -0.7063 -0.5005
vn -0.4492 -0.7723 -0.4492
vn -0.3936 -0.8308 -0.3936
vn -0.3342 -0.8813 -0.3342
vn -0.2715 -0.9233 -0.2715
vn -0.2063 -0.9565 -0.2063
vn -0.1390 -0.9805 -0.1390
vn -0.0704 -0.9950 -0.0704
vn -0.6336 -0.0491 -0.7721
vn -0.6313 -0.0979 -0.7693
vn -0.6222 -0.1948 -0.7582
vn -0.6072 -0.2899 -0.7398
vn -0.5862 -0.3821 -0.7143
vn -0.5597 -0.4708 -0.6820
vn -0.5278 -0.5549 -0.6431
vn -0.4908 -0.6336 -0.5980
vn -0.4491 -0.7063 -0.5472
vn -0.4030 -0.7723 -0.4911
vn -0.3531 -0.8308 -0.4303
vn -0.2998 -0.8813 -0.3653
vn -0.2436 -0.9233 -0.2968
vn -0.1850 -0.9565 -0.2255
vn -0.1247 -0.9805 -0.1519
vn -0.0631 -0.9950 -0.0769
vn -0.5549 -0.0491 -0.8305
vn -0.5529 -0.0979 -0.8275
vn -0.5449 -0.1948 -0.8155
vn -0.5317 -0.2899 -0.7958
vn -0.5134 -0.3821 -0.7684
vn -0.4902 -0.4708 -0.7336
vn -0.4622 -0.5549 -0.6917
vn -0.4298 -0.6336 -0.6432
vn -0.3933 -0.7063 -0.5886
vn -0.3530 -0.7723 -0.5282
vn -0.3092 -0.8308 -0.4628
vn -0.2626 -0.8813 -0.3929
vn -0.2133 -0.9233 -0.3193
vn -0.1621 -0.9565 -0.2425
vn -0.1092 -0.9805 -0.1634
vn -0.0553 -0.9950 -0.0828
vn -0.4708 -0.0491 -0.8809
vn -0.4691 -0.0979 -0.8777
vn -0.4624 -0.1948 -0.8650
vn -0.4512 -0.2899 -0.8441
vn -0.4356 -0.3821 -0.8150
vn -0.4159 -0.4708 -0.7781
vn -0.3922 -0.5549 -0.7337
vn -0.3647 -0.6336 -0.6823
vn -0.3337 -0.7063 -0.6243
vn -0.2995 -0.7723 -0.5603
vn -0.2624 -0.8308 -0.4909
vn -0.2228 -0.8813 -0.4168
vn -0.1810 -0.9233 -0.3386
vn -0.1375 -0.9565 -0.2572
vn -0.0927 -0.9805 -0.1734
vn -0.0469 -0.9950 -0.0878
vn -0.3822 -0.0491 -0.9228
vn -0.3808 -0.0979 -0.9194
vn -0.3754 -0.1948 -0.9062
vn -0.3663 -0.2899 -0.8842
vn -0.3536 -0.3821 -0.8538
vn -0.3376 -0.4708 -0.8151
vn -0.3184 -0.5549 -0.7686
vn -0.2961 -0.6336 -0.7147
vn -0.2709 -0.7063 -0.6540
vn -0.2431 -0.7723 -0.5869
vn -0.2130 -0.8308 -0.5143
vn -0.1809 -0.8813 -0.4366
vn -0.1469 -0.9233 -0.3548
vn -0.1116 -0.9565 -0.2695
vn -0.0752 -0.9805 -0.1816
vn -0.0381 -0.9950 -0.0920
vn -0.2899 -0.0491 -0.9558
vn -0.2889 -0.0979 -0.9523
vn -0.2847 -0.1948 -0.9386
vn -0.2778 -0.2899 -0.9159
vn -0.2683 -0.3821 -0.8843
vn -0.2561 -0.4708 -0.8443
vn -0.2415 -0.5549 -0.7961
vn -0.2246 -0.6336 -0.7403
vn -0.2055 -0.7063 -0.6774
vn -0.1844 -0.7723 -0.6080
vn -0.1616 -0.8308 -0.5327
vn -0.1372 -0.8813 -0.4522
vn -0.1115 -0.9233 -0.3675
vn -0.0847 -0.9565 -0.2791
vn -0.0571 -0.9805 -0.1881
vn -0.0289 -0.9950 -0.0952
vn -0.1949 -0.0491 -0.9796
vn -0.1942 -0.0979 -0.9761
vn -0.1914 -0.1948 -0.9620
vn -0.1867 -0.2899 -0.9387
vn -0.1803 -0.3821 -0.9063
vn -0.1721 -0.4708 -0.8653
vn -0.1623 -0.5549 -0.8160
vn -0.1509 -0.6336 -0.7588
vn -0.1381 -0.7063 -0.6943
vn -0.1239 -0.7723 -0.6231
vn -0.1086 -0.8308 -0.5459
vn -0.0922 -0.8813 -0.4635
vn -0.0749 -0.9233 -0.3766
vn -0.0569 -0.9565 -0.2861
vn -0.0383 -0.9805 -0.1928
vn -0.0194 -0.9950 -0.0976
vn -0.0979 -0.0491 -0.9940
vn -0.0975 -0.0979 -0.9904
vn -0.0961 -0.1948 -0.9761
vn -0.0938 -0.2899 -0.9525
vn -0.0906 -0.3821 -0.9197
vn -0.0865 -0.4708 -0.8780
vn -0.0815 -0.5549 -0.8279
vn -0.0758 -0.6336 -0.7699
vn -0.0694 -0.7063 -0.7045
vn -0.0623 -0.7723 -0.6322
vn -0.0546 -0.8308 -0.5539
vn -0.0463 -0.8813 -0.4703
vn -0.0376 -0.9233 -0.3821
vn -0.0286 -0.9565 -0.2903
vn -0.0193 -0.9805 -0.1956
vn -0.0098 -0.9950 -0.0991
vn -0.0000 -0.1948 -0.9808
vn -0.0000 -0.5549 -0.8319
vn -0.0000 -0.6336 -0.7736
vn -0.0000 -0.7063 -0.7079
vn -0.0000 -0.7723 -0.6353
vn -0.0000 -0.8308 -0.5566
vn -0.0000 -0.8813 -0.4726
vn -0.0000 -0.9233 -0.3840
vn -0.0000 -0.9805 -0.1966
vt 0.750000 0.187500
vt 0.750000 0.218750
vt 0.734375 0.218750
vt 0.734375 0.187500
vt 0.750000 0.156250
vt 0.734375 0.156250
vt 0.750000 0.125000
vt 0.734375 0.125000
vt 0.750000 0.093750
vt 0.734375 0.093750
vt 0.750000 0.062500
vt 0.734375 0.062500
vt 0.750000 0.468750
vt 0.750000 0.500000
vt 0.734375 0.500000
vt 0.734375 0.468750
vt 0.750000 0.031250
vt 0.734375 0.031250
vt 0.750000 0.437500
vt 0.734375 0.437500
vt 0.742188 0.000000
vt 0.750000 0.406250
vt 0.734375 0.406250
vt 0.750000 0.375000
vt 0.734375 0.375000
vt 0.750000 0.343750
vt 0.734375 0.343750
vt 0.750000 0.312500
vt 0.734375 0.312500
vt 0.750000 0.281250
vt 0.734375 0.281250
vt 0.750000 0.250000
vt 0.734375 0.250000
vt 0.718750 0.406250
vt 0.718750 0.375000
vt 0.718750 0.343750
vt 0.718750 0.312500
vt 0.718750 0.281250
vt 0.718750 0.250000
vt 0.718750 0.218750
vt 0.718750 0.187500
vt 0.718750 0.156250
vt 0.718750 0.125000
vt 0.718750 0.093750
vt 0.718750 0.062500
vt 0.718750 0.500000
vt 0.718750 0.468750
vt 0.718750 0.031250
vt 0.718750 0.437500
vt 0.726562 0.000000
vt 0.703125 0.343750
vt 0.703125 0.312500
vt 0.703125 0.281250
vt 0.703125 0.250000
vt 0.703125 0.218750
vt 0.703125 0.187500
vt 0.703125 0.156250
vt 0.703125 0.125000
vt 0.703125 0.093750
vt 0.703125 0.062500
vt 0.703125 0.500000
vt 0.703125 0.468750
vt 0.703125 0.031250
vt 0.703125 0.437500
vt 0.710938 0.000000
vt 0.703125 0.406250
vt 0.703125 0.375000
vt 0.687500 0.281250
vt 0.687500 0.250000
vt 0.687500 0.218750
vt 0.687500 0.187500
vt 0.687500 0.156250
vt 0.687500 0.125000
vt 0.687500 0.093750
vt 0.687500 0.062500
vt 0.687500 0.500000
vt 0.687500 0.468750
vt 0.687500 0.031250
vt 0.687500 0.437500
vt 0.695312 0.000000
vt 0.687500 0.406250
vt 0.687500 0.375000
vt 0.687500 0.343750
vt 0.687500 0.312500
vt 0.671875 0.218750
vt 0.671875 0.187500
vt 0.671875 0.156250
vt 0.671875 0.125000
vt 0.671875 0.093750
vt 0.671875 0.062500
vt 0.671875 0.500000
vt 0.671875 0.468750
vt 0.671875 0.031250
vt 0.671875 0.437500
vt 0.679688 0.000000
vt 0.671875 0.406250
vt 0.671875 0.375000
vt 0.671875 0.343750
vt 0.671875 0.312500
vt 0.671875 0.281250
vt 0.671875 0.250000
vt 0.656250 0.156250
vt 0.656250 0.125000
vt 0.656250 0.093750
vt 0.656250 0.062500
vt 0.656250 0.500000
vt 0.656250 0.468750
vt 0.656250 0.031250
vt 0.656250 0.437500
vt 0.664062 0.000000
vt 0.656250 0.406250
vt 0.656250 0.375000
vt 0.656250 0.343750
vt 0.656250 0.312500
vt 0.656250 0.281250
vt 0.656250 0.250000
vt 0.656250 0.218750
vt 0.656250 0.187500
vt 0.640625 0.093750
vt 0.640625 0.062500
vt 0.640625 0.500000
vt 0.640625 0.468750
vt 0.640625 0.031250
vt 0.640625 0.437500
vt 0.648438 0.000000
vt 0.640625 0.406250
vt 0.640625 0.375000
vt 0.640625 0.343750
vt 0.640625 0.312500
vt 0.640625 0.281250
vt 0.640625 0.250000
vt 0.640625 0.218750
vt 0.640625 0.187500
vt 0.640625 0.156250
vt 0.640625 0.125000
vt 0.632812 0.000000
vt 0.625000 0.031250
vt 0.625000 0.437500
vt 0.625000 0.406250
vt 0.625000 0.375000
vt 0.625000 0.343750
vt 0.625000 0.312500
vt 0.625000 0.281250
vt 0.625000 0.250000
vt 0.625000 0.218750
vt 0.625000 0.187500
vt 0.625000 0.156250
vt 0.625000 0.125000
vt 0.625000 0.093750
vt 0.625000 0.062500
vt 0.625000 0.500000
vt 0.625000 0.468750
vt 0.609375 0.375000
vt 0.609375 0.343750
vt 0.609375 0.312500
vt 0.609375 0.281250
vt 0.609375 0.250000
vt 0.609375 0.218750
vt 0.609375 0.187500
vt 0.609375 0.156250
vt 0.609375 0.125000
vt 0.609375 0.093750
vt 0.609375 0.062500
vt 0.609375 0.500000
vt 0.609375 0.468750
vt 0.609375 0.031250
vt 0.609375 0.437500
vt 0.617188 0.000000
vt 0.609375 0.406250
vt 0.593750 0.312500
vt 0.593750 0.281250
vt 0.593750 0.250000
vt 0.593750 0.218750
vt 0.593750 0.187500
vt 0.593750 0.156250
vt 0.593750 0.125000
vt 0.593750 0.093750
vt 0.593750 0.062500
vt 0.593750 0.500000
vt 0.593750 0.468750
vt 0.593750 0.031250
vt 0.593750 0.437500
vt 0.601562 0.000000
vt 0.593750 0.406250
vt 0.593750 0.375000
vt 0.593750 0.343750
vt 0.578125 0.250000
vt 0.578125 0.218750
vt 0.578125 0.187500
vt 0.578125 0.156250
vt 0.578125 0.125000
vt 0.578125 0.093750
vt 0.578125 0.062500
vt 0.578125 0.500000
vt 0.578125 0.468750
vt 0.578125 0.031250
vt 0.578125 0.437500
vt 0.585938 0.000000
vt 0.578125 0.406250
vt 0.578125 0.375000
vt 0.578125 0.343750
vt 0.578125 0.312500
vt 0.578125 0.281250
vt 0.562500 0.187500
vt 0.562500 0.156250
vt 0.562500 0.125000
vt 0.562500 0.093750
vt 0.562500 0.062500
vt 0.562500 0.500000
vt 0.562500 0.468750
vt 0.562500 0.031250
vt 0.562500 0.437500
vt 0.570312 0.000000
vt 0.562500 0.406250
vt 0.562500 0.375000
vt 0.562500 0.343750
vt 0.562500 0.312500
vt 0.562500 0.281250
vt 0.562500 0.250000
vt 0.562500 0.218750
vt 0.546875 0.125000
vt 0.546875 0.093750
vt 0.546875 0.062500
vt 0.546875 0.500000
vt 0.546875 0.468750
vt 0.546875 0.031250
vt 0.546875 0.437500
vt 0.554688 0.000000
vt 0.546875 0.406250
vt 0.546875 0.375000
vt 0.546875 0.343750
vt 0.546875 0.312500
vt 0.546875 0.281250
vt 0.546875 0.250000
vt 0.546875 0.218750
vt 0.546875 0.187500
vt 0.546875 0.156250
vt 0.531250 0.062500
vt 0.531250 0.031250
vt 0.531250 0.468750
vt 0.531250 0.437500
vt 0.539062 0.000000
vt 0.531250 0.406250
vt 0.531250 0.375000
vt 0.531250 0.343750
vt 0.531250 0.312500
vt 0.531250 0.281250
vt 0.531250 0.250000
vt 0.531250 0.218750
vt 0.531250 0.187500
vt 0.531250 0.156250
vt 0.531250 0.125000
vt 0.531250 0.093750
vt 0.531250 0.500000
vt 0.515625 0.406250
vt 0.515625 0.375000
vt 0.515625 0.343750
vt 0.515625 0.312500
vt 0.515625 0.281250
vt 0.515625 0.250000
vt 0.515625 0.218750
vt 0.515625 0.187500
vt 0.515625 0.156250
vt 0.515625 0.125000
vt 0.515625 0.093750
vt 0.515625 0.062500
vt 0.515625 0.500000
vt 0.515625 0.468750
vt 0.515625 0.031250
vt 0.515625 0.437500
vt 0.523438 0.000000
vt 0.500000 0.343750
vt 0.500000 0.312500
vt 0.500000 0.281250
vt 0.500000 0.250000
vt 0.500000 0.218750
vt 0.500000 0.187500
vt 0.500000 0.156250
vt 0.500000 0.125000
vt 0.500000 0.093750
vt 0.500000 0.062500
vt 0.500000 0.500000
vt 0.500000 0.468750
vt 0.500000 0.031250
vt 0.500000 0.437500
vt 0.507812 0.000000
vt 0.500000 0.406250
vt 0.500000 0.375000
vt 0.484375 0.281250
vt 0.484375 0.250000
vt 0.484375 0.218750
vt 0.484375 0.187500
vt 0.484375 0.156250
vt 0.484375 0.125000
vt 0.484375 0.093750
vt 0.484375 0.062500
vt 0.484375 0.500000
vt 0.484375 0.468750
vt 0.484375 0.031250
vt 0.484375 0.437500
vt 0.492188 0.000000
vt 0.484375 0.406250
vt 0.484375 0.375000
vt 0.484375 0.343750
vt 0.484375 0.312500
vt 0.468750 0.218750
vt 0.468750 0.187500
vt 0.468750 0.156250
vt 0.468750 0.125000
vt 0.468750 0.093750
vt 0.468750 0.062500
vt 0.468750 0.500000
vt 0.468750 0.468750
vt 0.468750 0.031250
vt 0.468750 0.437500
vt 0.476562 0.000000
vt 0.468750 0.406250
vt 0.468750 0.375000
vt 0.468750 0.343750
vt 0.468750 0.312500
vt 0.468750 0.281250
vt 0.468750 0.250000
vt 0.453125 0.156250
vt 0.453125 0.125000
vt 0.453125 0.093750
vt 0.453125 0.062500
vt 0.453125 0.500000
vt 0.453125 0.468750
vt 0.453125 0.031250
vt 0.453125 0.437500
vt 0.460938 0.000000
vt 0.453125 0.406250
vt 0.453125 0.375000
vt 0.453125 0.343750
vt 0.453125 0.312500
vt 0.453125 0.281250
vt 0.453125 0.250000
vt 0.453125 0.218750
vt 0.453125 0.187500
vt 0.437500 0.093750
vt 0.437500 0.062500
vt 0.437500 0.500000
vt 0.437500 0.468750
vt 0.437500 0.031250
vt 0.437500 0.437500
vt 0.445312 0.000000
vt 0.437500 0.406250
vt 0.437500 0.375000
vt 0.437500 0.343750
vt 0.437500 0.312500
vt 0.437500 0.281250
vt 0.437500 0.250000
vt 0.437500 0.218750
vt 0.437500 0.187500
vt 0.437500 0.156250
vt 0.437500 0.125000
vt 0.421875 0.468750
vt 0.421875 0.437500
vt 0.429688 0.000000
vt 0.421875 0.031250
vt 0.421875 0.406250
vt 0.421875 0.375000
vt 0.421875 0.343750
vt 0.421875 0.312500
vt 0.421875 0.281250
vt 0.421875 0.250000
vt 0.421875 0.218750
vt 0.421875 0.187500
vt 0.421875 0.156250
vt 0.421875 0.125000
vt 0.421875 0.093750
vt 0.421875 0.062500
vt 0.421875 0.500000
vt 0.406250 0.406250
vt 0.406250 0.375000
vt 0.406250 0.343750
vt 0.406250 0.312500
vt 0.406250 0.281250
vt 0.406250 0.250000
vt 0.406250 0.218750
vt 0.406250 0.187500
vt 0.406250 0.156250
vt 0.406250 0.125000
vt 0.406250 0.093750
vt 0.406250 0.062500
vt 0.406250 0.500000
vt 0.406250 0.468750
vt 0.406250 0.031250
vt 0.406250 0.437500
vt 0.414062 0.000000
vt 0.390625 0.343750
vt 0.390625 0.312500
vt 0.390625 0.281250
vt 0.390625 0.250000
vt 0.390625 0.218750
vt 0.390625 0.187500
vt 0.390625 0.156250
vt 0.390625 0.125000
vt 0.390625 0.093750
vt 0.390625 0.062500
vt 0.390625 0.500000
vt 0.390625 0.468750
vt 0.390625 0.031250
vt 0.390625 0.437500
vt 0.398438 0.000000
vt 0.390625 0.406250
vt 0.390625 0.375000
vt 0.375000 0.281250
vt 0.375000 0.250000
vt 0.375000 0.218750
vt 0.375000 0.187500
vt 0.375000 0.156250
vt 0.375000 0.125000
vt 0.375000 0.093750
vt 0.375000 0.062500
vt 0.375000 0.500000
vt 0.375000 0.468750
vt 0.375000 0.031250
vt 0.375000 0.437500
vt 0.382812 0.000000
vt 0.375000 0.406250
vt 0.375000 0.375000
vt 0.375000 0.343750
vt 0.375000 0.312500
vt 0.359375 0.218750
vt 0.359375 0.187500
vt 0.359375 0.156250
vt 0.359375 0.125000
vt 0.359375 0.093750
vt 0.359375 0.062500
vt 0.359375 0.500000
vt 0.359375 0.468750
vt 0.359375 0.031250
vt 0.359375 0.437500
vt 0.367188 0.000000
vt 0.359375 0.406250
vt 0.359375 0.375000
vt 0.359375 0.343750
vt 0.359375 0.312500
vt 0.359375 0.281250
vt 0.359375 0.250000
vt 0.343750 0.156250
vt 0.343750 0.125000
vt 0.343750 0.093750
vt 0.343750 0.062500
vt 0.343750 0.500000
vt 0.343750 0.468750
vt 0.343750 0.031250
vt 0.343750 0.437500
vt 0.351562 0.000000
vt 0.343750 0.406250
vt 0.343750 0.375000
vt 0.343750 0.343750
vt 0.343750 0.312500
vt 0.343750 0.281250
vt 0.343750 0.250000
vt 0.343750 0.218750
vt 0.343750 0.187500
vt 0.328125 0.343750
vt 0.328125 0.312500
vt 0.328125 0.281250
vt 0.328125 0.250000
vt 0.328125 0.218750
vt 0.328125 0.187500
vt 0.328125 0.156250
vt 0.328125 0.125000
vt 0.328125 0.093750
vt 0.328125 0.062500
vt 0.328125 0.500000
vt 0.328125 0.468750
vt 0.328125 0.031250
vt 0.328125 0.437500
vt 0.335937 0.000000
vt 0.328125 0.406250
vt 0.328125 0.375000
vt 0.312500 0.281250
vt 0.312500 0.250000
vt 0.312500 0.218750
vt 0.312500 0.187500
vt 0.312500 0.156250
vt 0.312500 0.125000
vt 0.312500 0.093750
vt 0.312500 0.062500
vt 0.312500 0.500000
vt 0.312500 0.468750
vt 0.312500 0.031250
vt 0.312500 0.437500
vt 0.320312 0.000000
vt 0.312500 0.406250
vt 0.312500 0.375000
vt 0.312500 0.343750
vt 0.312500 0.312500
vt 0.296875 0.218750
vt 0.296875 0.187500
vt 0.296875 0.156250
vt 0.296875 0.125000
vt 0.296875 0.093750
vt 0.296875 0.062500
vt 0.296875 0.500000
vt 0.296875 0.468750
vt 0.296875 0.031250
vt 0.296875 0.437500
vt 0.304688 0.000000
vt 0.296875 0.406250
vt 0.296875 0.375000
vt 0.296875 0.343750
vt 0.296875 0.312500
vt 0.296875 0.281250
vt 0.296875 0.250000
vt 0.281250 0.156250
vt 0.281250 0.125000
vt 0.281250 0.093750
vt 0.281250 0.062500
vt 0.281250 0.500000
vt 0.281250 0.468750
vt 0.281250 0.031250
vt 0.281250 0.437500
vt 0.289062 0.000000
vt 0.281250 0.406250
vt 0.281250 0.375000
vt 0.281250 0.343750
vt 0.281250 0.312500
vt 0.281250 0.281250
vt 0.281250 0.250000
vt 0.281250 0.218750
vt 0.281250 0.187500
vt 0.265625 0.093750
vt 0.265625 0.062500
vt 0.265625 0.500000
vt 0.265625 0.468750
vt 0.265625 0.031250
vt 0.265625 0.437500
vt 0.273438 0.000000
vt 0.265625 0.406250
vt 0.265625 0.375000
vt 0.265625 0.343750
vt 0.265625 0.312500
vt 0.265625 0.281250
vt 0.265625 0.250000
vt 0.265625 0.218750
vt 0.265625 0.187500
vt 0.265625 0.156250
vt 0.265625 0.125000
vt 0.257812 0.000000
vt 0.250000 0.031250
vt 0.250000 0.437500
vt 0.250000 0.406250
vt 0.250000 0.375000
vt 0.250000 0.343750
vt 0.250000 0.312500
vt 0.250000 0.281250
vt 0.250000 0.250000
vt 0.250000 0.218750
vt 0.250000 0.187500
vt 0.250000 0.156250
vt 0.250000 0.125000
vt 0.250000 0.093750
vt 0.250000 0.062500
vt 0.250000 0.500000
vt 0.250000 0.468750
vt 0.234375 0.375000
vt 0.234375 0.343750
vt 0.234375 0.312500
vt 0.234375 0.281250
vt 0.234375 0.250000
vt 0.234375 0.218750
vt 0.234375 0.187500
vt 0.234375 0.156250
vt 0.234375 0.125000
vt 0.234375 0.093750
vt 0.234375 0.062500
vt 0.234375 0.500000
vt 0.234375 0.468750
vt 0.234375 0.031250
vt 0.234375 0.437500
vt 0.242187 0.000000
vt 0.234375 0.406250
vt 0.218750 0.312500
vt 0.218750 0.281250
vt 0.218750 0.250000
vt 0.218750 0.218750
vt 0.218750 0.187500
vt 0.218750 0.156250
vt 0.218750 0.125000
vt 0.218750 0.093750
vt 0.218750 0.062500
vt 0.218750 0.500000
vt 0.218750 0.468750
vt 0.218750 0.031250
vt 0.218750 0.437500
vt 0.226562 0.000000
vt 0.218750 0.406250
vt 0.218750 0.375000
vt 0.218750 0.343750
vt 0.203125 0.250000
vt 0.203125 0.218750
vt 0.203125 0.187500
vt 0.203125 0.156250
vt 0.203125 0.125000
vt 0.203125 0.093750
vt 0.203125 0.062500
vt 0.203125 0.500000
vt 0.203125 0.468750
vt 0.203125 0.031250
vt 0.203125 0.437500
vt 0.210938 0.000000
vt 0.203125 0.406250
vt 0.203125 0.375000
vt 0.203125 0.343750
vt 0.203125 0.312500
vt 0.203125 0.281250
vt 0.187500 0.187500
vt 0.187500 0.156250
vt 0.187500 0.125000
vt 0.187500 0.093750
vt 0.187500 0.062500
vt 0.187500 0.500000
vt 0.187500 0.468750
vt 0.187500 0.031250
vt 0.187500 0.437500
vt 0.195312 0.000000
vt 0.187500 0.406250
vt 0.187500 0.375000
vt 0.187500 0.343750
vt 0.187500 0.312500
vt 0.187500 0.281250
vt 0.187500 0.250000
vt 0.187500 0.218750
vt 0.171875 0.125000
vt 0.171875 0.093750
vt 0.171875 0.062500
vt 0.171875 0.500000
vt 0.171875 0.468750
vt 0.171875 0.031250
vt 0.171875 0.437500
vt 0.179687 0.000000
vt 0.171875 0.406250
vt 0.171875 0.375000
vt 0.171875 0.343750
vt 0.171875 0.312500
vt 0.171875 0.281250
vt 0.171875 0.250000
vt 0.171875 0.218750
vt 0.171875 0.187500
vt 0.171875 0.156250
vt 0.156250 0.062500
vt 0.156250 0.031250
vt 0.156250 0.468750
vt 0.156250 0.437500
vt 0.164062 0.000000
vt 0.156250 0.406250
vt 0.156250 0.375000
vt 0.156250 0.343750
vt 0.156250 0.312500
vt 0.156250 0.281250
vt 0.156250 0.250000
vt 0.156250 0.218750
vt 0.156250 0.187500
vt 0.156250 0.156250
vt 0.156250 0.125000
vt 0.156250 0.093750
vt 0.156250 0.500000
vt 0.140625 0.406250
vt 0.140625 0.375000
vt 0.140625 0.343750
vt 0.140625 0.312500
vt 0.140625 0.281250
vt 0.140625 0.250000
vt 0.140625 0.218750
vt 0.140625 0.187500
vt 0.140625 0.156250
vt 0.140625 0.125000
vt 0.140625 0.093750
vt 0.140625 0.062500
vt 0.140625 0.500000
vt 0.140625 0.468750
vt 0.140625 0.031250
vt 0.140625 0.437500
vt 0.148438 0.000000
vt 0.125000 0.343750
vt 0.125000 0.312500
vt 0.125000 0.281250
vt 0.125000 0.250000
vt 0.125000 0.218750
vt 0.125000 0.187500
vt 0.125000 0.156250
vt 0.125000 0.125000
vt 0.125000 0.093750
vt 0.125000 0.062500
vt 0.125000 0.500000
vt 0.125000 0.468750
vt 0.125000 0.031250
vt 0.125000 0.437500
vt 0.132812 0.000000
vt 0.125000 0.406250
vt 0.125000 0.375000
vt 0.109375 0.281250
vt 0.109375 0.250000
vt 0.109375 0.218750
vt 0.109375 0.187500
vt 0.109375 0.156250
vt 0.109375 0.125000
vt 0.109375 0.093750
vt 0.109375 0.062500
vt 0.109375 0.500000
vt 0.109375 0.468750
vt 0.109375 0.031250
vt 0.109375 0.437500
vt 0.117188 0.000000
vt 0.109375 0.406250
vt 0.109375 0.375000
vt 0.109375 0.343750
vt 0.109375 0.312500
vt 0.093750 0.218750
vt 0.093750 0.187500
vt 0.093750 0.156250
vt 0.093750 0.125000
vt 0.093750 0.093750
vt 0.093750 0.062500
vt 0.093750 0.500000
vt 0.093750 0.468750
vt 0.093750 0.031250
vt 0.093750 0.437500
vt 0.101562 0.000000
vt 0.093750 0.406250
vt 0.093750 0.375000
vt 0.093750 0.343750
vt 0.093750 0.312500
vt 0.093750 0.281250
vt 0.093750 0.250000
vt 0.078125 0.156250
vt 0.078125 0.125000
vt 0.078125 0.093750
vt 0.078125 0.062500
vt 0.078125 0.500000
vt 0.078125 0.468750
vt 0.078125 0.031250
vt 0.078125 0.437500
vt 0.085937 0.000000
vt 0.078125 0.406250
vt 0.078125 0.375000
vt 0.078125 0.343750
vt 0.078125 0.312500
vt 0.078125 0.281250
vt 0.078125 0.250000
vt 0.078125 0.218750
vt 0.078125 0.187500
vt 0.062500 0.093750
vt 0.062500 0.062500
vt 0.062500 0.500000
vt 0.062500 0.468750
vt 0.062500 0.031250
vt 0.062500 0.437500
vt 0.070312 0.000000
vt 0.062500 0.406250
vt 0.062500 0.375000
vt 0.062500 0.343750
vt 0.062500 0.312500
vt 0.062500 0.281250
vt 0.062500 0.250000
vt 0.062500 0.218750
vt 0.062500 0.187500
vt 0.062500 0.156250
vt 0.062500 0.125000
vt 0.046875 0.468750
vt 0.046875 0.437500
vt 0.054688 0.000000
vt 0.046875 0.031250
vt 0.046875 0.406250
vt 0.046875 0.375000
vt 0.046875 0.343750
vt 0.046875 0.312500
vt 0.046875 0.281250
vt 0.046875 0.250000
vt 0.046875 0.218750
vt 0.046875 0.187500
vt 0.046875 0.156250
vt 0.046875 0.125000
vt 0.046875 0.093750
vt 0.046875 0.062500
vt 0.046875 0.500000
vt 0.031250 0.406250
vt 0.031250 0.375000
vt 0.031250 0.343750
vt 0.031250 0.312500
vt 0.031250 0.281250
vt 0.031250 0.250000
vt 0.031250 0.218750
vt 0.031250 0.187500
vt 0.031250 0.156250
vt 0.031250 0.125000
vt 0.031250 0.093750
vt 0.031250 0.062500
vt 0.031250 0.500000
vt 0.031250 0.468750
vt 0.031250 0.031250
vt 0.031250 0.437500
vt 0.039062 0.000000
vt 0.015625 0.343750
vt 0.015625 0.312500
vt 0.015625 0.281250
vt 0.015625 0.250000
vt 0.015625 0.218750
vt 0.015625 0.187500
vt 0.015625 0.156250
vt 0.015625 0.125000
vt 0.015625 0.093750
vt 0.015625 0.062500
vt 0.015625 0.500000
vt 0.015625 0.468750
vt 0.015625 0.031250
vt 0.015625 0.437500
vt 0.023438 0.000000
vt 0.015625 0.406250
vt 0.015625 0.375000
vt 0.000000 0.281250
vt 0.000000 0.250000
vt 0.000000 0.218750
vt 0.000000 0.187500
vt 0.000000 0.156250
vt 0.000000 0.125000
vt 0.000000 0.093750
vt 0.000000 0.062500
vt 0.000000 0.500000
vt 0.000000 0.468750
vt 0.000000 0.031250
vt 0.000000 0.437500
vt 0.007812 0.000000
vt 0.000000 0.406250
vt 0.000000 0.375000
vt 0.000000 0.343750
vt 0.000000 0.312500
vt 1.000000 0.187500
vt 1.000000 0.218750
vt 0.984375 0.218750
vt 0.984375 0.187500
vt 1.000000 0.156250
vt 0.984375 0.156250
vt 1.000000 0.125000
vt 0.984375 0.125000
vt 1.000000 0.093750
vt 0.984375 0.093750
vt 1.000000 0.062500
vt 0.984375 0.062500
vt 1.000000 0.468750
vt 1.000000 0.500000
vt 0.984375 0.500000
vt 0.984375 0.468750
vt 1.000000 0.031250
vt 0.984375 0.031250
vt 1.000000 0.437500
vt 0.984375 0.437500
vt 0.992188 0.000000
vt 1.000000 0.406250
vt 0.984375 0.406250
vt 1.000000 0.375000
vt 0.984375 0.375000
vt 1.000000 0.343750
vt 0.984375 0.343750
vt 1.000000 0.312500
vt 0.984375 0.312500
vt 1.000000 0.281250
vt 0.984375 0.281250
vt 1.000000 0.250000
vt 0.984375 0.250000
vt 0.968750 0.156250
vt 0.968750 0.125000
vt 0.968750 0.093750
vt 0.968750 0.062500
vt 0.968750 0.500000
vt 0.968750 0.468750
vt 0.968750 0.031250
vt 0.968750 0.437500
vt 0.976562 0.000000
vt 0.968750 0.406250
vt 0.968750 0.375000
vt 0.968750 0.343750
vt 0.968750 0.312500
vt 0.968750 0.281250
vt 0.968750 0.250000
vt 0.968750 0.218750
vt 0.968750 0.187500
vt 0.953125 0.093750
vt 0.953125 0.062500
vt 0.953125 0.500000
vt 0.953125 0.468750
vt 0.953125 0.031250
vt 0.953125 0.437500
vt 0.960938 0.000000
vt 0.953125 0.406250
vt 0.953125 0.375000
vt 0.953125 0.343750
vt 0.953125 0.312500
vt 0.953125 0.281250
vt 0.953125 0.250000
vt 0.953125 0.218750
vt 0.953125 0.187500
vt 0.953125 0.156250
vt 0.953125 0.125000
vt 0.937500 0.281250
vt 0.937500 0.250000
vt 0.937500 0.218750
vt 0.937500 0.187500
vt 0.937500 0.156250
vt 0.937500 0.125000
vt 0.937500 0.093750
vt 0.937500 0.062500
vt 0.937500 0.500000
vt 0.937500 0.468750
vt 0.937500 0.031250
vt 0.937500 0.437500
vt 0.945312 0.000000
vt 0.937500 0.406250
vt 0.937500 0.375000
vt 0.937500 0.343750
vt 0.937500 0.312500
vt 0.921875 0.218750
vt 0.921875 0.187500
vt 0.921875 0.156250
vt 0.921875 0.125000
vt 0.921875 0.093750
vt 0.921875 0.062500
vt 0.921875 0.500000
vt 0.921875 0.468750
vt 0.921875 0.031250
vt 0.921875 0.437500
vt 0.929687 0.000000
vt 0.921875 0.406250
vt 0.921875 0.375000
vt 0.921875 0.343750
vt 0.921875 0.312500
vt 0.921875 0.281250
vt 0.921875 0.250000
vt 0.906250 0.156250
vt 0.906250 0.125000
vt 0.906250 0.093750
vt 0.906250 0.062500
vt 0.906250 0.500000
vt 0.906250 0.468750
vt 0.906250 0.031250
vt 0.906250 0.437500
vt 0.914062 0.000000
vt 0.906250 0.406250
vt 0.906250 0.375000
vt 0.906250 0.343750
vt 0.906250 0.312500
vt 0.906250 0.281250
vt 0.906250 0.250000
vt 0.906250 0.218750
vt 0.906250 0.187500
vt 0.890625 0.093750
vt 0.890625 0.062500
vt 0.890625 0.500000
vt 0.890625 0.468750
vt 0.890625 0.031250
vt 0.890625 0.437500
vt 0.898438 0.000000
vt 0.890625 0.406250
vt 0.890625 0.375000
vt 0.890625 0.343750
vt 0.890625 0.312500
vt 0.890625 0.281250
vt 0.890625 0.250000
vt 0.890625 0.218750
vt 0.890625 0.187500
vt 0.890625 0.156250
vt 0.890625 0.125000
vt 0.875000 0.468750
vt 0.875000 0.437500
vt 0.882812 0.000000
vt 0.875000 0.031250
vt 0.875000 0.406250
vt 0.875000 0.375000
vt 0.875000 0.343750
vt 0.875000 0.312500
vt 0.875000 0.281250
vt 0.875000 0.250000
vt 0.875000 0.218750
vt 0.875000 0.187500
vt 0.875000 0.156250
vt 0.875000 0.125000
vt 0.875000 0.093750
vt 0.875000 0.062500
vt 0.875000 0.500000
vt 0.859375 0.406250
vt 0.859375 0.375000
vt 0.859375 0.343750
vt 0.859375 0.312500
vt 0.859375 0.281250
vt 0.859375 0.250000
vt 0.859375 0.218750
vt 0.859375 0.187500
vt 0.859375 0.156250
vt 0.859375 0.125000
vt 0.859375 0.093750
vt 0.859375 0.062500
vt 0.859375 0.500000
vt 0.859375 0.468750
vt 0.859375 0.031250
vt 0.859375 0.437500
vt 0.867188 0.000000
vt 0.843750 0.343750
vt 0.843750 0.312500
vt 0.843750 0.281250
vt 0.843750 0.250000
vt 0.843750 0.218750
vt 0.843750 0.187500
vt 0.843750 0.156250
vt 0.843750 0.125000
vt 0.843750 0.093750
vt 0.843750 0.062500
vt 0.843750 0.500000
vt 0.843750 0.468750
vt 0.843750 0.031250
vt 0.843750 0.437500
vt 0.851562 0.000000
vt 0.843750 0.406250
vt 0.843750 0.375000
vt 0.828125 0.281250
vt 0.828125 0.250000
vt 0.828125 0.218750
vt 0.828125 0.187500
vt 0.828125 0.156250
vt 0.828125 0.125000
vt 0.828125 0.093750
vt 0.828125 0.062500
vt 0.828125 0.500000
vt 0.828125 0.468750
vt 0.828125 0.031250
vt 0.828125 0.437500
vt 0.835938 0.000000
vt 0.828125 0.406250
vt 0.828125 0.375000
vt 0.828125 0.343750
vt 0.828125 0.312500
vt 0.812500 0.218750
vt 0.812500 0.187500
vt 0.812500 0.156250
vt 0.812500 0.125000
vt 0.812500 0.093750
vt 0.812500 0.062500
vt 0.812500 0.500000
vt 0.812500 0.468750
vt 0.812500 0.031250
vt 0.812500 0.437500
vt 0.820312 0.000000
vt 0.812500 0.406250
vt 0.812500 0.375000
vt 0.812500 0.343750
vt 0.812500 0.312500
vt 0.812500 0.281250
vt 0.812500 0.250000
vt 0.796875 0.156250
vt 0.796875 0.125000
vt 0.796875 0.093750
vt 0.796875 0.062500
vt 0.796875 0.500000
vt 0.796875 0.468750
vt 0.796875 0.031250
vt 0.796875 0.437500
vt 0.804688 0.000000
vt 0.796875 0.406250
vt 0.796875 0.375000
vt 0.796875 0.343750
vt 0.796875 0.312500
vt 0.796875 0.281250
vt 0.796875 0.250000
vt 0.796875 0.218750
vt 0.796875 0.187500
vt 0.781250 0.093750
vt 0.781250 0.062500
vt 0.781250 0.500000
vt 0.781250 0.468750
vt 0.781250 0.031250
vt 0.781250 0.437500
vt 0.789062 0.000000
vt 0.781250 0.406250
vt 0.781250 0.375000
vt 0.781250 0.343750
vt 0.781250 0.312500
vt 0.781250 0.281250
vt 0.781250 0.250000
vt 0.781250 0.218750
vt 0.781250 0.187500
vt 0.781250 0.156250
vt 0.781250 0.125000
vt 0.773438 0.000000
vt 0.765625 0.031250
vt 0.765625 0.437500
vt 0.765625 0.406250
vt 0.765625 0.375000
vt 0.765625 0.343750
vt 0.765625 0.312500
vt 0.765625 0.281250
vt 0.765625 0.250000
vt 0.765625 0.218750
vt 0.765625 0.187500
vt 0.765625 0.156250
vt 0.765625 0.125000
vt 0.765625 0.093750
vt 0.765625 0.062500
vt 0.765625 0.500000
vt 0.765625 0.468750
vt 0.757812 0.000000
s 1
f 1022/1/1022 1021/2/1021 18/3/18 19/4/19
f 1023/5/1023 1022/1/1022 19/4/19 20/6/20
f 1024/7/1024 1023/5/1023 20/6/20 21/8/21
f 6/9/6 1024/7/1024 21/8/21 22/10/22
f 1025/11/1025 6/9/6 22/10/22 23/12/23
f 2/13/2 1/14/1 9/15/9 10/16/10
f 7/17/7 1025/11/1025 23/12/23 24/18/24
f 1017/19/1017 2/13/2 10/16/10 11/20/11
f 8/21/8 7/17/7 24/18/24
f 3/22/3 1017/19/1017 11/20/11 12/23/12
f 4/24/4 3/22/3 12/23/12 13/25/13
f 5/26/5 4/24/4 13/25/13 14/27/14
f 1018/28/1018 5/26/5 14/27/14 15/29/15
f 1019/30/1019 1018/28/1018 15/29/15 16/31/16
f 1020/32/1020 1019/30/1019 16/31/16 17/33/17
f 1021/2/1021 1020/32/1020 17/33/17 18/3/18
f 13/25/13 12/23/12 28/34/28 29/35/29
f 14/27/14 13/25/13 29/35/29 30/36/30
f 15/29/15 14/27/14 30/36/30 31/37/31
f 16/31/16 15/29/15 31/37/31 32/38/32
f 17/33/17 16/31/16 32/38/32 33/39/33
f 18/3/18 17/33/17 33/39/33 34/40/34
f 19/4/19 18/3/18 34/40/34 35/41/35
f 20/6/20 19/4/19 35/41/35 36/42/36
f 21/8/21 20/6/20 36/42/36 37/43/37
f 22/10/22 21/8/21 37/43/37 38/44/38
f 23/12/23 22/10/22 38/44/38 39/45/39
f 10/16/10 9/15/9 25/46/25 26/47/26
f 24/18/24 23/12/23 39/45/39 40/48/40
f 11/20/11 10/16/10 26/47/26 27/49/27
f 8/50/8 24/18/24 40/48/40
f 12/23/12 11/20/11 27/49/27 28/34/28
f 31/37/31 30/36/30 46/51/46 47/52/47
f 32/38/32 31/37/31 47/52/47 48/53/48
f 33/39/33 32/38/32 48/53/48 49/54/49
f 34/40/34 33/39/33 49/54/49 50/55/50
f 35/41/35 34/40/34 50/55/50 51/56/51
f 36/42/36 35/41/35 51/56/51 52/57/52
f 37/43/37 36/42/36 52/57/52 53/58/53
f 38/44/38 37/43/37 53/58/53 54/59/54
f 39/45/39 38/44/38 54/59/54 55/60/55
f 26/47/26 25/46/25 41/61/41 42/62/42
f 40/48/40 39/45/39 55/60/55 56/63/56
f 27/49/27 26/47/26 42/62/42 43/64/43
f 8/65/8 40/48/40 56/63/56
f 28/34/28 27/49/27 43/64/43 44/66/44
f 29/35/29 28/34/28 44/66/44 45/67/45
f 30/36/30 29/35/29 45/67/45 46/51/46
f 49/54/49 48/53/48 64/68/64 65/69/65
f 50/55/50 49/54/49 65/69/65 66/70/66
f 51/56/51 50/55/50 66/70/66 67/71/67
f 52/57/52 51/56/51 67/71/67 68/72/68
f 53/58/53 52/57/52 68/72/68 69/73/69
f 54/59/54 53/58/53 69/73/69 70/74/70
f 55/60/55 54/59/54 70/74/70 71/75/71
f 42/62/42 41/61/41 57/76/57 58/77/58
f 56/63/56 55/60/55 71/75/71 72/78/72
f 43/64/43 42/62/42 58/77/58 59/79/59
f 8/80/8 56/63/56 72/78/72
f 44/66/44 43/64/43 59/79/59 60/81/60
f 45/67/45 44/66/44 60/81/60 61/82/61
f 46/51/46 45/67/45 61/82/61 62/83/62
f 47/52/47 46/51/46 62/83/62 63/84/63
f 48/53/48 47/52/47 63/84/63 64/68/64
f 67/71/67 66/70/66 82/85/82 83/86/83
f 68/72/68 67/71/67 83/86/83 84/87/84
f 69/73/69 68/72/68 84/87/84 85/88/85
f 70/74/70 69/73/69 85/88/85 86/89/86
f 71/75/71 70/74/70 86/89/86 87/90/87
f 58/77/58 57/76/57 73/91/73 74/92/74
f 72/78/72 71/75/71 87/90/87 88/93/88
f 59/79/59 58/77/58 74/92/74 75/94/75
f 8/95/8 72/78/72 88/93/88
f 60/81/60 59/79/59 75/94/75 76/96/76
f 61/82/61 60/81/60 76/96/76 77/97/77
f 62/83/62 61/82/61 77/97/77 78/98/78
f 63/84/63 62/83/62 78/98/78 79/99/79
f 64/68/64 63/84/63 79/99/79 80/100/80
f 65/69/65 64/68/64 80/100/80 81/101/81
f 66/70/66 65/69/65 81/101/81 82/85/82
f 85/88/85 84/87/84 100/102/100 101/103/101
f 86/89/86 85/88/85 101/103/101 102/104/102
f 87/90/87 86/89/86 102/104/102 103/105/103
f 74/92/74 73/91/73 89/106/89 90/107/90
f 88/93/88 87/90/87 103/105/103 104/108/104
f 75/94/75 74/92/74 90/107/90 91/109/91
f 8/110/8 88/93/88 104/108/104
f 76/96/76 75/94/75 91/109/91 92/111/92
f 77/97/77 76/96/76 92/111/92 93/112/93
f 78/98/78 77/97/77 93/112/93 94/113/94
f 79/99/79 78/98/78 94/113/94 95/114/95
f 80/100/80 79/99/79 95/114/95 96/115/96
f 81/101/81 80/100/80 96/115/96 97/116/97
f 82/85/82 81/101/81 97/116/97 98/117/98
f 83/86/83 82/85/82 98/117/98 99/118/99
f 84/87/84 83/86/83 99/118/99 100/102/100
f 103/105/103 102/104/102 118/119/118 119/120/119
f 90/107/90 89/106/89 105/121/105 106/122/106
f 104/108/104 103/105/103 119/120/119 120/123/120
f 91/109/91 90/107/90 106/122/106 107/124/107
f 8/125/8 104/108/104 120/123/120
f 92/111/92 91/109/91 107/124/107 108/126/108
f 93/112/93 92/111/92 108/126/108 109/127/109
f 94/113/94 93/112/93 109/127/109 110/128/110
f 95/114/95 94/113/94 110/128/110 111/129/111
f 96/115/96 95/114/95 111/129/111 112/130/112
f 97/116/97 96/115/96 112/130/112 113/131/113
f 98/117/98 97/116/97 113/131/113 114/132/114
f 99/118/99 98/117/98 114/132/114 115/133/115
f 100/102/100 99/118/99 115/133/115 116/134/116
f 101/103/101 100/102/100 116/134/116 117/135/117
f 102/104/102 101/103/101 117/135/117 118/119/118
f 8/136/8 120/123/120 136/137/136
f 108/126/108 107/124/107 123/138/123 124/139/124
f 109/127/109 108/126/108 124/139/124 125/140/125
f 110/128/110 109/127/109 125/140/125 126/141/126
f 111/129/111 110/128/110 126/141/126 127/142/127
f 112/130/112 111/129/111 127/142/127 128/143/128
f 113/131/113 112/130/112 128/143/128 129/144/129
f 114/132/114 113/131/113 129/144/129 130/145/130
f 115/133/115 114/132/114 130/145/130 131/146/131
f 116/134/116 115/133/115 131/146/131 132/147/132
f 117/135/117 116/134/116 132/147/132 133/148/133
f 118/119/118 117/135/117 133/148/133 134/149/134
f 119/120/119 118/119/118 134/149/134 135/150/135
f 106/122/106 105/121/105 121/151/121 122/152/122
f 120/123/120 119/120/119 135/150/135 136/137/136
f 107/124/107 106/122/106 122/152/122 123/138/123
f 126/141/126 125/140/125 141/153/141 142/154/142
f 127/142/127 126/141/126 142/154/142 143/155/143
f 128/143/128 127/142/127 143/155/143 144/156/144
f 129/144/129 128/143/128 144/156/144 145/157/145
f 130/145/130 129/144/129 145/157/145 146/158/146
f 131/146/131 130/145/130 146/158/146 147/159/147
f 132/147/132 131/146/131 147/159/147 148/160/148
f 133/148/133 132/147/132 148/160/148 149/161/149
f 134/149/134 133/148/133 149/161/149 150/162/150
f 135/150/135 134/149/134 150/162/150 151/163/151
f 122/152/122 121/151/121 137/164/137 138/165/138
f 136/137/136 135/150/135 151/163/151 152/166/152
f 123/138/123 122/152/122 138/165/138 139/167/139
f 8/168/8 136/137/136 152/166/152
f 124/139/124 123/138/123 139/167/139 140/169/140
f 125/140/125 124/139/124 140/169/140 141/153/141
f 144/156/144 143/155/143 159/170/159 160/171/160
f 145/157/145 144/156/144 160/171/160 161/172/161
f 146/158/146 145/157/145 161/172/161 162/173/162
f 147/159/147 146/158/146 162/173/162 163/174/163
f 148/160/148 147/159/147 163/174/163 164/175/164
f 149/161/149 148/160/148 164/175/164 165/176/165
f 150/162/150 149/161/149 165/176/165 166/177/166
f 151/163/151 150/162/150 166/177/166 167/178/167
f 138/165/138 137/164/137 153/179/153 154/180/154
f 152/166/152 151/163/151 167/178/167 168/181/168
f 139/167/139 138/165/138 154/180/154 155/182/155
f 8/183/8 152/166/152 168/181/168
f 140/169/140 139/167/139 155/182/155 156/184/156
f 141/153/141 140/169/140 156/184/156 157/185/157
f 142/154/142 141/153/141 157/185/157 158/186/158
f 143/155/143 142/154/142 158/186/158 159/170/159
f 162/173/162 161/172/161 177/187/177 178/188/178
f 163/174/163 162/173/162 178/188/178 179/189/179
f 164/175/164 163/174/163 179/189/179 180/190/180
f 165/176/165 164/175/164 180/190/180 181/191/181
f 166/177/166 165/176/165 181/191/181 182/192/182
f 167/178/167 166/177/166 182/192/182 183/193/183
f 154/180/154 153/179/153 169/194/169 170/195/170
f 168/181/168 167/178/167 183/193/183 184/196/184
f 155/182/155 154/180/154 170/195/170 171/197/171
f 8/198/8 168/181/168 184/196/184
f 156/184/156 155/182/155 171/197/171 172/199/172
f 157/185/157 156/184/156 172/199/172 173/200/173
f 158/186/158 157/185/157 173/200/173 174/201/174
f 159/170/159 158/186/158 174/201/174 175/202/175
f 160/171/160 159/170/159 175/202/175 176/203/176
f 161/172/161 160/171/160 176/203/176 177/187/177
f 180/190/180 179/189/179 195/204/195 196/205/196
f 181/191/181 180/190/180 196/205/196 197/206/197
f 182/192/182 181/191/181 197/206/197 198/207/198
f 183/193/183 182/192/182 198/207/198 199/208/199
f 170/195/170 169/194/169 185/209/185 186/210/186
f 184/196/184 183/193/183 199/208/199 200/211/200
f 171/197/171 170/195/170 186/210/186 187/212/187
f 8/213/8 184/196/184 200/211/200
f 172/199/172 171/197/171 187/212/187 188/214/188
f 173/200/173 172/199/172 188/214/188 189/215/189
f 174/201/174 173/200/173 189/215/189 190/216/190
f 175/202/175 174/201/174 190/216/190 191/217/191
f 176/203/176 175/202/175 191/217/191 192/218/192
f 177/187/177 176/203/176 192/218/192 193/219/193
f 178/188/178 177/187/177 193/219/193 194/220/194
f 179/189/179 178/188/178 194/220/194 195/204/195
f 198/207/198 197/206/197 213/221/213 214/222/214
f 199/208/199 198/207/198 214/222/214 215/223/215
f 186/210/186 185/209/185 201/224/201 202/225/202
f 200/211/200 199/208/199 215/223/215 216/226/216
f 187/212/187 186/210/186 202/225/202 203/227/203
f 8/228/8 200/211/200 216/226/216
f 188/214/188 187/212/187 203/227/203 204/229/204
f 189/215/189 188/214/188 204/229/204 205/230/205
f 190/216/190 189/215/189 205/230/205 206/231/206
f 191/217/191 190/216/190 206/231/206 207/232/207
f 192/218/192 191/217/191 207/232/207 208/233/208
f 193/219/193 192/218/192 208/233/208 209/234/209
f 194/220/194 193/219/193 209/234/209 210/235/210
f 195/204/195 194/220/194 210/235/210 211/236/211
f 196/205/196 195/204/195 211/236/211 212/237/212
f 197/206/197 196/205/196 212/237/212 213/221/213
f 216/226/216 215/223/215 231/238/231 232/239/232
f 203/227/203 202/225/202 218/240/218 219/241/219
f 8/242/8 216/226/216 232/239/232
f 204/229/204 203/227/203 219/241/219 220/243/220
f 205/230/205 204/229/204 220/243/220 221/244/221
f 206/231/206 205/230/205 221/244/221 222/245/222
f 207/232/207 206/231/206 222/245/222 223/246/223
f 208/233/208 207/232/207 223/246/223 224/247/224
f 209/234/209 208/233/208 224/247/224 225/248/225
f 210/235/210 209/234/209 225/248/225 226/249/226
f 211/236/211 210/235/210 226/249/226 227/250/227
f 212/237/212 211/236/211 227/250/227 228/251/228
f 213/221/213 212/237/212 228/251/228 229/252/229
f 214/222/214 213/221/213 229/252/229 230/253/230
f 215/223/215 214/222/214 230/253/230 231/238/231
f 202/225/202 201/224/201 217/254/217 218/240/218
f 221/244/221 220/243/220 236/255/236 237/256/237
f 222/245/222 221/244/221 237/256/237 238/257/238
f 223/246/223 222/245/222 238/257/238 239/258/239
f 224/247/224 223/246/223 239/258/239 240/259/240
f 225/248/225 224/247/224 240/259/240 241/260/241
f 226/249/226 225/248/225 241/260/241 242/261/242
f 227/250/227 226/249/226 242/261/242 243/262/243
f 228/251/228 227/250/227 243/262/243 244/263/244
f 229/252/229 228/251/228 244/263/244 245/264/245
f 230/253/230 229/252/229 245/264/245 246/265/246
f 231/238/231 230/253/230 246/265/246 247/266/247
f 218/240/218 217/254/217 233/267/233 234/268/234
f 232/239/232 231/238/231 247/266/247 248/269/248
f 219/241/219 218/240/218 234/268/234 235/270/235
f 8/271/8 232/239/232 248/269/248
f 220/243/220 219/241/219 235/270/235 236/255/236
f 239/258/239 238/257/238 254/272/254 255/273/255
f 240/259/240 239/258/239 255/273/255 256/274/256
f 241/260/241 240/259/240 256/274/256 257/275/257
f 242/261/242 241/260/241 257/275/257 258/276/258
f 243/262/243 242/261/242 258/276/258 259/277/259
f 244/263/244 243/262/243 259/277/259 260/278/260
f 245/264/245 244/263/244 260/278/260 261/279/261
f 246/265/246 245/264/245 261/279/261 262/280/262
f 247/266/247 246/265/246 262/280/262 263/281/263
f 234/268/234 233/267/233 249/282/249 250/283/250
f 248/269/248 247/266/247 263/281/263 264/284/264
f 235/270/235 234/268/234 250/283/250 251/285/251
f 8/286/8 248/269/248 264/284/264
f 236/255/236 235/270/235 251/285/251 252/287/252
f 237/256/237 236/255/236 252/287/252 253/288/253
f 238/257/238 237/256/237 253/288/253 254/272/254
f 257/275/257 256/274/256 272/289/272 273/290/273
f 258/276/258 257/275/257 273/290/273 274/291/274
f 259/277/259 258/276/258 274/291/274 275/292/275
f 260/278/260 259/277/259 275/292/275 276/293/276
f 261/279/261 260/278/260 276/293/276 277/294/277
f 262/280/262 261/279/261 277/294/277 278/295/278
f 263/281/263 262/280/262 278/295/278 279/296/279
f 250/283/250 249/282/249 265/297/265 266/298/266
f 264/284/264 263/281/263 279/296/279 280/299/280
f 251/285/251 250/283/250 266/298/266 267/300/267
f 8/301/8 264/284/264 280/299/280
f 252/287/252 251/285/251 267/300/267 268/302/268
f 253/288/253 252/287/252 268/302/268 269/303/269
f 254/272/254 253/288/253 269/303/269 270/304/270
f 255/273/255 254/272/254 270/304/270 271/305/271
f 256/274/256 255/273/255 271/305/271 272/289/272
f 275/292/275 274/291/274 290/306/290 291/307/291
f 276/293/276 275/292/275 291/307/291 292/308/292
f 277/294/277 276/293/276 292/308/292 293/309/293
f 278/295/278 277/294/277 293/309/293 294/310/294
f 279/296/279 278/295/278 294/310/294 295/311/295
f 266/298/266 265/297/265 281/312/281 282/313/282
f 280/299/280 279/296/279 295/311/295 296/314/296
f 267/300/267 266/298/266 282/313/282 283/315/283
f 8/316/8 280/299/280 296/314/296
f 268/302/268 267/300/267 283/315/283 284/317/284
f 269/303/269 268/302/268 284/317/284 285/318/285
f 270/304/270 269/303/269 285/318/285 286/319/286
f 271/305/271 270/304/270 286/319/286 287/320/287
f 272/289/272 271/305/271 287/320/287 288/321/288
f 273/290/273 272/289/272 288/321/288 289/322/289
f 274/291/274 273/290/273 289/322/289 290/306/290
f 293/309/293 292/308/292 308/323/308 309/324/309
f 294/310/294 293/309/293 309/324/309 310/325/310
f 295/311/295 294/310/294 310/325/310 311/326/311
f 282/313/282 281/312/281 297/327/297 298/328/298
f 296/314/296 295/311/295 311/326/311 312/329/312
f 283/315/283 282/313/282 298/328/298 299/330/299
f 8/331/8 296/314/296 312/329/312
f 284/317/284 283/315/283 299/330/299 300/332/300
f 285/318/285 284/317/284 300/332/300 301/333/301
f 286/319/286 285/318/285 301/333/301 302/334/302
f 287/320/287 286/319/286 302/334/302 303/335/303
f 288/321/288 287/320/287 303/335/303 304/336/304
f 289/322/289 288/321/288 304/336/304 305/337/305
f 290/306/290 289/322/289 305/337/305 306/338/306
f 291/307/291 290/306/290 306/338/306 307/339/307
f 292/308/292 291/307/291 307/339/307 308/323/308
f 311/326/311 310/325/310 326/340/326 327/341/327
f 298/328/298 297/327/297 313/342/313 314/343/314
f 312/329/312 311/326/311 327/341/327 328/344/328
f 299/330/299 298/328/298 314/343/314 315/345/315
f 8/346/8 312/329/312 328/344/328
f 300/332/300 299/330/299 315/345/315 316/347/316
f 301/333/301 300/332/300 316/347/316 317/348/317
f 302/334/302 301/333/301 317/348/317 318/349/318
f 303/335/303 302/334/302 318/349/318 319/350/319
f 304/336/304 303/335/303 319/350/319 320/351/320
f 305/337/305 304/336/304 320/351/320 321/352/321
f 306/338/306 305/337/305 321/352/321 322/353/322
f 307/339/307 306/338/306 322/353/322 323/354/323
f 308/323/308 307/339/307 323/354/323 324/355/324
f 309/324/309 308/323/308 324/355/324 325/356/325
f 310/325/310 309/324/309 325/356/325 326/340/326
f 315/345/315 314/343/314 330/357/330 331/358/331
f 8/359/8 328/344/328 344/360/344
f 316/347/316 315/345/315 331/358/331 332/361/332
f 317/348/317 316/347/316 332/361/332 333/362/333
f 318/349/318 317/348/317 333/362/333 334/363/334
f 319/350/319 318/349/318 334/363/334 335/364/335
f 320/351/320 319/350/319 335/364/335 336/365/336
f 321/352/321 320/351/320 336/365/336 337/366/337
f 322/353/322 321/352/321 337/366/337 338/367/338
f 323/354/323 322/353/322 338/367/338 339/368/339
f 324/355/324 323/354/323 339/368/339 340/369/340
f 325/356/325 324/355/324 340/369/340 341/370/341
f 326/340/326 325/356/325 341/370/341 342/371/342
f 327/341/327 326/340/326 342/371/342 343/372/343
f 314/343/314 313/342/313 329/373/329 330/357/330
f 328/344/328 327/341/327 343/372/343 344/360/344
f 333/362/333 332/361/332 348/374/348 349/375/349
f 334/363/334 333/362/333 349/375/349 350/376/350
f 335/364/335 334/363/334 350/376/350 351/377/351
f 336/365/336 335/364/335 351/377/351 352/378/352
f 337/366/337 336/365/336 352/378/352 353/379/353
f 338/367/338 337/366/337 353/379/353 354/380/354
f 339/368/339 338/367/338 354/380/354 355/381/355
f 340/369/340 339/368/339 355/381/355 356/382/356
f 341/370/341 340/369/340 356/382/356 357/383/357
f 342/371/342 341/370/341 357/383/357 358/384/358
f 343/372/343 342/371/342 358/384/358 359/385/359
f 330/357/330 329/373/329 345/386/345 346/387/346
f 344/360/344 343/372/343 359/385/359 360/388/360
f 331/358/331 330/357/330 346/387/346 347/389/347
f 8/390/8 344/360/344 360/388/360
f 332/361/332 331/358/331 347/389/347 348/374/348
f 351/377/351 350/376/350 366/391/366 367/392/367
f 352/378/352 351/377/351 367/392/367 368/393/368
f 353/379/353 352/378/352 368/393/368 369/394/369
f 354/380/354 353/379/353 369/394/369 370/395/370
f 355/381/355 354/380/354 370/395/370 371/396/371
f 356/382/356 355/381/355 371/396/371 372/397/372
f 357/383/357 356/382/356 372/397/372 373/398/373
f 358/384/358 357/383/357 373/398/373 374/399/374
f 359/385/359 358/384/358 374/399/374 375/400/375
f 346/387/346 345/386/345 361/401/361 362/402/362
f 360/388/360 359/385/359 375/400/375 376/403/376
f 347/389/347 346/387/346 362/402/362 363/404/363
f 8/405/8 360/388/360 376/403/376
f 348/374/348 347/389/347 363/404/363 364/406/364
f 349/375/349 348/374/348 364/406/364 365/407/365
f 350/376/350 349/375/349 365/407/365 366/391/366
f 369/394/369 368/393/368 384/408/384 385/409/385
f 370/395/370 369/394/369 385/409/385 386/410/386
f 371/396/371 370/395/370 386/410/386 387/411/387
f 372/397/372 371/396/371 387/411/387 388/412/388
f 373/398/373 372/397/372 388/412/388 389/413/389
f 374/399/374 373/398/373 389/413/389 390/414/390
f 375/400/375 374/399/374 390/414/390 391/415/391
f 362/402/362 361/401/361 377/416/377 378/417/378
f 376/403/376 375/400/375 391/415/391 392/418/392
f 363/404/363 362/402/362 378/417/378 379/419/379
f 8/420/8 376/403/376 392/418/392
f 364/406/364 363/404/363 379/419/379 380/421/380
f 365/407/365 364/406/364 380/421/380 381/422/381
f 366/391/366 365/407/365 381/422/381 382/423/382
f 367/392/367 366/391/366 382/423/382 383/424/383
f 368/393/368 367/392/367 383/424/383 384/408/384
f 387/411/387 386/410/386 402/425/402 403/426/403
f 388/412/388 387/411/387 403/426/403 404/427/404
f 389/413/389 388/412/388 404/427/404 405/428/405
f 390/414/390 389/413/389 405/428/405 406/429/406
f 391/415/391 390/414/390 406/429/406 407/430/407
f 378/417/378 377/416/377 393/431/393 394/432/394
f 392/418/392 391/415/391 407/430/407 408/433/408
f 379/419/379 378/417/378 394/432/394 395/434/395
f 8/435/8 392/418/392 408/433/408
f 380/421/380 379/419/379 395/434/395 396/436/396
f 381/422/381 380/421/380 396/436/396 397/437/397
f 382/423/382 381/422/381 397/437/397 398/438/398
f 383/424/383 382/423/382 398/438/398 399/439/399
f 384/408/384 383/424/383 399/439/399 400/440/400
f 385/409/385 384/408/384 400/440/400 401/441/401
f 386/410/386 385/409/385 401/441/401 402/425/402
f 405/428/405 404/427/404 420/442/420 421/443/421
f 406/429/406 405/428/405 421/443/421 422/444/422
f 407/430/407 406/429/406 422/444/422 423/445/423
f 394/432/394 393/431/393 409/446/409 410/447/410
f 408/433/408 407/430/407 423/445/423 424/448/424
f 395/434/395 394/432/394 410/447/410 411/449/411
f 8/450/8 408/433/408 424/448/424
f 396/436/396 395/434/395 411/449/411 412/451/412
f 397/437/397 396/436/396 412/451/412 413/452/413
f 398/438/398 397/437/397 413/452/413 414/453/414
f 399/439/399 398/438/398 414/453/414 415/454/415
f 400/440/400 399/439/399 415/454/415 416/455/416
f 401/441/401 400/440/400 416/455/416 417/456/417
f 402/425/402 401/441/401 417/456/417 418/457/418
f 403/426/403 402/425/402 418/457/418 419/458/419
f 404/427/404 403/426/403 419/458/419 420/442/420
f 415/454/415 414/453/414 430/459/430 431/460/431
f 416/455/416 415/454/415 431/460/431 432/461/432
f 417/456/417 416/455/416 432/461/432 433/462/433
f 418/457/418 417/456/417 433/462/433 434/463/434
f 419/458/419 418/457/418 434/463/434 435/464/435
f 420/442/420 419/458/419 435/464/435 436/465/436
f 421/443/421 420/442/420 436/465/436 437/466/437
f 422/444/422 421/443/421 437/466/437 438/467/438
f 423/445/423 422/444/422 438/467/438 439/468/439
f 410/447/410 409/446/409 425/469/425 426/470/426
f 424/448/424 423/445/423 439/468/439 440/471/440
f 411/449/411 410/447/410 426/470/426 427/472/427
f 8/473/8 424/448/424 440/471/440
f 412/451/412 411/449/411 427/472/427 428/474/428
f 413/452/413 412/451/412 428/474/428 429/475/429
f 414/453/414 413/452/413 429/475/429 430/459/430
f 433/462/433 432/461/432 448/476/448 449/477/449
f 434/463/434 433/462/433 449/477/449 450/478/450
f 435/464/435 434/463/434 450/478/450 451/479/451
f 436/465/436 435/464/435 451/479/451 452/480/452
f 437/466/437 436/465/436 452/480/452 453/481/453
f 438/467/438 437/466/437 453/481/453 454/482/454
f 439/468/439 438/467/438 454/482/454 455/483/455
f 426/470/426 425/469/425 441/484/441 442/485/442
f 440/471/440 439/468/439 455/483/455 456/486/456
f 427/472/427 426/470/426 442/485/442 443/487/443
f 8/488/8 440/471/440 456/486/456
f 428/474/428 427/472/427 443/487/443 444/489/444
f 429/475/429 428/474/428 444/489/444 445/490/445
f 430/459/430 429/475/429 445/490/445 446/491/446
f 431/460/431 430/459/430 446/491/446 447/492/447
f 432/461/432 431/460/431 447/492/447 448/476/448
f 451/479/451 450/478/450 466/493/466 467/494/467
f 452/480/452 451/479/451 467/494/467 468/495/468
f 453/481/453 452/480/452 468/495/468 469/496/469
f 454/482/454 453/481/453 469/496/469 470/497/470
f 455/483/455 454/482/454 470/497/470 471/498/471
f 442/485/442 441/484/441 457/499/457 458/500/458
f 456/486/456 455/483/455 471/498/471 472/501/472
f 443/487/443 442/485/442 458/500/458 459/502/459
f 8/503/8 456/486/456 472/501/472
f 444/489/444 443/487/443 459/502/459 460/504/460
f 445/490/445 444/489/444 460/504/460 461/505/461
f 446/491/446 445/490/445 461/505/461 462/506/462
f 447/492/447 446/491/446 462/506/462 463/507/463
f 448/476/448 447/492/447 463/507/463 464/508/464
f 449/477/449 448/476/448 464/508/464 465/509/465
f 450/478/450 449/477/449 465/509/465 466/493/466
f 469/496/469 468/495/468 484/510/484 485/511/485
f 470/497/470 469/496/469 485/511/485 486/512/486
f 471/498/471 470/497/470 486/512/486 487/513/487
f 458/500/458 457/499/457 473/514/473 474/515/474
f 472/501/472 471/498/471 487/513/487 488/516/488
f 459/502/459 458/500/458 474/515/474 475/517/475
f 8/518/8 472/501/472 488/516/488
f 460/504/460 459/502/459 475/517/475 476/519/476
f 461/505/461 460/504/460 476/519/476 477/520/477
f 462/506/462 461/505/461 477/520/477 478/521/478
f 463/507/463 462/506/462 478/521/478 479/522/479
f 464/508/464 463/507/463 479/522/479 480/523/480
f 465/509/465 464/508/464 480/523/480 481/524/481
f 466/493/466 465/509/465 481/524/481 482/525/482
f 467/494/467 466/493/466 482/525/482 483/526/483
f 468/495/468 467/494/467 483/526/483 484/510/484
f 487/513/487 486/512/486 502/527/502 503/528/503
f 474/515/474 473/514/473 489/529/489 490/530/490
f 488/516/488 487/513/487 503/528/503 504/531/504
f 475/517/475 474/515/474 490/530/490 491/532/491
f 8/533/8 488/516/488 504/531/504
f 476/519/476 475/517/475 491/532/491 492/534/492
f 477/520/477 476/519/476 492/534/492 493/535/493
f 478/521/478 477/520/477 493/535/493 494/536/494
f 479/522/479 478/521/478 494/536/494 495/537/495
f 480/523/480 479/522/479 495/537/495 496/538/496
f 481/524/481 480/523/480 496/538/496 497/539/497
f 482/525/482 481/524/481 497/539/497 498/540/498
f 483/526/483 482/525/482 498/540/498 499/541/499
f 484/510/484 483/526/483 499/541/499 500/542/500
f 485/511/485 484/510/484 500/542/500 501/543/501
f 486/512/486 485/511/485 501/543/501 502/527/502
f 8/544/8 504/531/504 520/545/520
f 492/534/492 491/532/491 507/546/507 508/547/508
f 493/535/493 492/534/492 508/547/508 509/548/509
f 494/536/494 493/535/493 509/548/509 510/549/510
f 495/537/495 494/536/494 510/549/510 511/550/511
f 496/538/496 495/537/495 511/550/511 512/551/512
f 497/539/497 496/538/496 512/551/512 513/552/513
f 498/540/498 497/539/497 513/552/513 514/553/514
f 499/541/499 498/540/498 514/553/514 515/554/515
f 500/542/500 499/541/499 515/554/515 516/555/516
f 501/543/501 500/542/500 516/555/516 517/556/517
f 502/527/502 501/543/501 517/556/517 518/557/518
f 503/528/503 502/527/502 518/557/518 519/558/519
f 490/530/490 489/529/489 505/559/505 506/560/506
f 504/531/504 503/528/503 519/558/519 520/545/520
f 491/532/491 490/530/490 506/560/506 507/546/507
f 510/549/510 509/548/509 525/561/525 526/562/526
f 511/550/511 510/549/510 526/562/526 527/563/527
f 512/551/512 511/550/511 527/563/527 528/564/528
f 513/552/513 512/551/512 528/564/528 529/565/529
f 514/553/514 513/552/513 529/565/529 530/566/530
f 515/554/515 514/553/514 530/566/530 531/567/531
f 516/555/516 515/554/515 531/567/531 532/568/532
f 517/556/517 516/555/516 532/568/532 533/569/533
f 518/557/518 517/556/517 533/569/533 534/570/534
f 519/558/519 518/557/518 534/570/534 535/571/535
f 506/560/506 505/559/505 521/572/521 522/573/522
f 520/545/520 519/558/519 535/571/535 536/574/536
f 507/546/507 506/560/506 522/573/522 523/575/523
f 8/576/8 520/545/520 536/574/536
f 508/547/508 507/546/507 523/575/523 524/577/524
f 509/548/509 508/547/508 524/577/524 525/561/525
f 528/564/528 527/563/527 543/578/543 544/579/544
f 529/565/529 528/564/528 544/579/544 545/580/545
f 530/566/530 529/565/529 545/580/545 546/581/546
f 531/567/531 530/566/530 546/581/546 547/582/547
f 532/568/532 531/567/531 547/582/547 548/583/548
f 533/569/533 532/568/532 548/583/548 549/584/549
f 534/570/534 533/569/533 549/584/549 550/585/550
f 535/571/535 534/570/534 550/585/550 551/586/551
f 522/573/522 521/572/521 537/587/537 538/588/538
f 536/574/536 535/571/535 551/586/551 552/589/552
f 523/575/523 522/573/522 538/588/538 539/590/539
f 8/591/8 536/574/536 552/589/552
f 524/577/524 523/575/523 539/590/539 540/592/540
f 525/561/525 524/577/524 540/592/540 541/593/541
f 526/562/526 525/561/525 541/593/541 542/594/542
f 527/563/527 526/562/526 542/594/542 543/578/543
f 546/581/546 545/580/545 561/595/561 562/596/562
f 547/582/547 546/581/546 562/596/562 563/597/563
f 548/583/548 547/582/547 563/597/563 564/598/564
f 549/584/549 548/583/548 564/598/564 565/599/565
f 550/585/550 549/584/549 565/599/565 566/600/566
f 551/586/551 550/585/550 566/600/566 567/601/567
f 538/588/538 537/587/537 553/602/553 554/603/554
f 552/589/552 551/586/551 567/601/567 568/604/568
f 539/590/539 538/588/538 554/603/554 555/605/555
f 8/606/8 552/589/552 568/604/568
f 540/592/540 539/590/539 555/605/555 556/607/556
f 541/593/541 540/592/540 556/607/556 557/608/557
f 542/594/542 541/593/541 557/608/557 558/609/558
f 543/578/543 542/594/542 558/609/558 559/610/559
f 544/579/544 543/578/543 559/610/559 560/611/560
f 545/580/545 544/579/544 560/611/560 561/595/561
f 564/598/564 563/597/563 579/612/579 580/613/580
f 565/599/565 564/598/564 580/613/580 581/614/581
f 566/600/566 565/599/565 581/614/581 582/615/582
f 567/601/567 566/600/566 582/615/582 583/616/583
f 554/603/554 553/602/553 569/617/569 570/618/570
f 568/604/568 567/601/567 583/616/583 584/619/584
f 555/605/555 554/603/554 570/618/570 571/620/571
f 8/621/8 568/604/568 584/619/584
f 556/607/556 555/605/555 571/620/571 572/622/572
f 557/608/557 556/607/556 572/622/572 573/623/573
f 558/609/558 557/608/557 573/623/573 574/624/574
f 559/610/559 558/609/558 574/624/574 575/625/575
f 560/611/560 559/610/559 575/625/575 576/626/576
f 561/595/561 560/611/560 576/626/576 577/627/577
f 562/596/562 561/595/561 577/627/577 578/628/578
f 563/597/563 562/596/562 578/628/578 579/612/579
f 582/615/582 581/614/581 597/629/597 598/630/598
f 583/616/583 582/615/582 598/630/598 599/631/599
f 570/618/570 569/617/569 585/632/585 586/633/586
f 584/619/584 583/616/583 599/631/599 600/634/600
f 571/620/571 570/618/570 586/633/586 587/635/587
f 8/636/8 584/619/584 600/634/600
f 572/622/572 571/620/571 587/635/587 588/637/588
f 573/623/573 572/622/572 588/637/588 589/638/589
f 574/624/574 573/623/573 589/638/589 590/639/590
f 575/625/575 574/624/574 590/639/590 591/640/591
f 576/626/576 575/625/575 591/640/591 592/641/592
f 577/627/577 576/626/576 592/641/592 593/642/593
f 578/628/578 577/627/577 593/642/593 594/643/594
f 579/612/579 578/628/578 594/643/594 595/644/595
f 580/613/580 579/612/579 595/644/595 596/645/596
f 581/614/581 580/613/580 596/645/596 597/629/597
f 600/634/600 599/631/599 615/646/615 616/647/616
f 587/635/587 586/633/586 602/648/602 603/649/603
f 8/650/8 600/634/600 616/647/616
f 588/637/588 587/635/587 603/649/603 604/651/604
f 589/638/589 588/637/588 604/651/604 605/652/605
f 590/639/590 589/638/589 605/652/605 606/653/606
f 591/640/591 590/639/590 606/653/606 607/654/607
f 592/641/592 591/640/591 607/654/607 608/655/608
f 593/642/593 592/641/592 608/655/608 609/656/609
f 594/643/594 593/642/593 609/656/609 610/657/610
f 595/644/595 594/643/594 610/657/610 611/658/611
f 596/645/596 595/644/595 611/658/611 612/659/612
f 597/629/597 596/645/596 612/659/612 613/660/613
f 598/630/598 597/629/597 613/660/613 614/661/614
f 599/631/599 598/630/598 614/661/614 615/646/615
f 586/633/586 585/632/585 601/662/601 602/648/602
f 605/652/605 604/651/604 620/663/620 621/664/621
f 606/653/606 605/652/605 621/664/621 622/665/622
f 607/654/607 606/653/606 622/665/622 623/666/623
f 608/655/608 607/654/607 623/666/623 624/667/624
f 609/656/609 608/655/608 624/667/624 625/668/625
f 610/657/610 609/656/609 625/668/625 626/669/626
f 611/658/611 610/657/610 626/669/626 627/670/627
f 612/659/612 611/658/611 627/670/627 628/671/628
f 613/660/613 612/659/612 628/671/628 629/672/629
f 614/661/614 613/660/613 629/672/629 630/673/630
f 615/646/615 614/661/614 630/673/630 631/674/631
f 602/648/602 601/662/601 617/675/617 618/676/618
f 616/647/616 615/646/615 631/674/631 632/677/632
f 603/649/603 602/648/602 618/676/618 619/678/619
f 8/679/8 616/647/616 632/677/632
f 604/651/604 603/649/603 619/678/619 620/663/620
f 623/666/623 622/665/622 638/680/638 639/681/639
f 624/667/624 623/666/623 639/681/639 640/682/640
f 625/668/625 624/667/624 640/682/640 641/683/641
f 626/669/626 625/668/625 641/683/641 642/684/642
f 627/670/627 626/669/626 642/684/642 643/685/643
f 628/671/628 627/670/627 643/685/643 644/686/644
f 629/672/629 628/671/628 644/686/644 645/687/645
f 630/673/630 629/672/629 645/687/645 646/688/646
f 631/674/631 630/673/630 646/688/646 647/689/647
f 618/676/618 617/675/617 633/690/633 634/691/634
f 632/677/632 631/674/631 647/689/647 648/692/648
f 619/678/619 618/676/618 634/691/634 635/693/635
f 8/694/8 632/677/632 648/692/648
f 620/663/620 619/678/619 635/693/635 636/695/636
f 621/664/621 620/663/620 636/695/636 637/696/637
f 622/665/622 621/664/621 637/696/637 638/680/638
f 641/683/641 640/682/640 656/697/656 657/698/657
f 642/684/642 641/683/641 657/698/657 658/699/658
f 643/685/643 642/684/642 658/699/658 659/700/659
f 644/686/644 643/685/643 659/700/659 660/701/660
f 645/687/645 644/686/644 660/701/660 661/702/661
f 646/688/646 645/687/645 661/702/661 662/703/662
f 647/689/647 646/688/646 662/703/662 663/704/663
f 634/691/634 633/690/633 649/705/649 650/706/650
f 648/692/648 647/689/647 663/704/663 664/707/664
f 635/693/635 634/691/634 650/706/650 651/708/651
f 8/709/8 648/692/648 664/707/664
f 636/695/636 635/693/635 651/708/651 652/710/652
f 637/696/637 636/695/636 652/710/652 653/711/653
f 638/680/638 637/696/637 653/711/653 654/712/654
f 639/681/639 638/680/638 654/712/654 655/713/655
f 640/682/640 639/681/639 655/713/655 656/697/656
f 659/700/659 658/699/658 674/714/674 675/715/675
f 660/701/660 659/700/659 675/715/675 676/716/676
f 661/702/661 660/701/660 676/716/676 677/717/677
f 662/703/662 661/702/661 677/717/677 678/718/678
f 663/704/663 662/703/662 678/718/678 679/719/679
f 650/706/650 649/705/649 665/720/665 666/721/666
f 664/707/664 663/704/663 679/719/679 680/722/680
f 651/708/651 650/706/650 666/721/666 667/723/667
f 8/724/8 664/707/664 680/722/680
f 652/710/652 651/708/651 667/723/667 668/725/668
f 653/711/653 652/710/652 668/725/668 669/726/669
f 654/712/654 653/711/653 669/726/669 670/727/670
f 655/713/655 654/712/654 670/727/670 671/728/671
f 656/697/656 655/713/655 671/728/671 672/729/672
f 657/698/657 656/697/656 672/729/672 673/730/673
f 658/699/658 657/698/657 673/730/673 674/714/674
f 677/717/677 676/716/676 692/731/692 693/732/693
f 678/718/678 677/717/677 693/732/693 694/733/694
f 679/719/679 678/718/678 694/733/694 695/734/695
f 666/721/666 665/720/665 681/735/681 682/736/682
f 680/722/680 679/719/679 695/734/695 696/737/696
f 667/723/667 666/721/666 682/736/682 683/738/683
f 8/739/8 680/722/680 696/737/696
f 668/725/668 667/723/667 683/738/683 684/740/684
f 669/726/669 668/725/668 684/740/684 685/741/685
f 670/727/670 669/726/669 685/741/685 686/742/686
f 671/728/671 670/727/670 686/742/686 687/743/687
f 672/729/672 671/728/671 687/743/687 688/744/688
f 673/730/673 672/729/672 688/744/688 689/745/689
f 674/714/674 673/730/673 689/745/689 690/746/690
f 675/715/675 674/714/674 690/746/690 691/747/691
f 676/716/676 675/715/675 691/747/691 692/731/692
f 695/734/695 694/733/694 710/748/710 711/749/711
f 682/736/682 681/735/681 697/750/697 698/751/698
f 696/737/696 695/734/695 711/749/711 712/752/712
f 683/738/683 682/736/682 698/751/698 699/753/699
f 8/754/8 696/737/696 712/752/712
f 684/740/684 683/738/683 699/753/699 700/755/700
f 685/741/685 684/740/684 700/755/700 701/756/701
f 686/742/686 685/741/685 701/756/701 702/757/702
f 687/743/687 686/742/686 702/757/702 703/758/703
f 688/744/688 687/743/687 703/758/703 704/759/704
f 689/745/689 688/744/688 704/759/704 705/760/705
f 690/746/690 689/745/689 705/760/705 706/761/706
f 691/747/691 690/746/690 706/761/706 707/762/707
f 692/731/692 691/747/691 707/762/707 708/763/708
f 693/732/693 692/731/692 708/763/708 709/764/709
f 694/733/694 693/732/693 709/764/709 710/748/710
f 699/753/699 698/751/698 714/765/714 715/766/715
f 8/767/8 712/752/712 728/768/728
f 700/755/700 699/753/699 715/766/715 716/769/716
f 701/756/701 700/755/700 716/769/716 717/770/717
f 702/757/702 701/756/701 717/770/717 718/771/718
f 703/758/703 702/757/702 718/771/718 719/772/719
f 704/759/704 703/758/703 719/772/719 720/773/720
f 705/760/705 704/759/704 720/773/720 721/774/721
f 706/761/706 705/760/705 721/774/721 722/775/722
f 707/762/707 706/761/706 722/775/722 723/776/723
f 708/763/708 707/762/707 723/776/723 724/777/724
f 709/764/709 708/763/708 724/777/724 725/778/725
f 710/748/710 709/764/709 725/778/725 726/779/726
f 711/749/711 710/748/710 726/779/726 727/780/727
f 698/751/698 697/750/697 713/781/713 714/765/714
f 712/752/712 711/749/711 727/780/727 728/768/728
f 717/770/717 716/769/716 732/782/732 733/783/733
f 718/771/718 717/770/717 733/783/733 734/784/734
f 719/772/719 718/771/718 734/784/734 735/785/735
f 720/773/720 719/772/719 735/785/735 736/786/736
f 721/774/721 720/773/720 736/786/736 737/787/737
f 722/775/722 721/774/721 737/787/737 738/788/738
f 723/776/723 722/775/722 738/788/738 739/789/739
f 724/777/724 723/776/723 739/789/739 740/790/740
f 725/778/725 724/777/724 740/790/740 741/791/741
f 726/779/726 725/778/725 741/791/741 742/792/742
f 727/780/727 726/779/726 742/792/742 743/793/743
f 714/765/714 713/781/713 729/794/729 730/795/730
f 728/768/728 727/780/727 743/793/743 744/796/744
f 715/766/715 714/765/714 730/795/730 731/797/731
f 8/798/8 728/768/728 744/796/744
f 716/769/716 715/766/715 731/797/731 732/782/732
f 735/785/735 734/784/734 750/799/750 751/800/751
f 736/786/736 735/785/735 751/800/751 752/801/752
f 737/787/737 736/786/736 752/801/752 753/802/753
f 738/788/738 737/787/737 753/802/753 754/803/754
f 739/789/739 738/788/738 754/803/754 755/804/755
f 740/790/740 739/789/739 755/804/755 756/805/756
f 741/791/741 740/790/740 756/805/756 757/806/757
f 742/792/742 741/791/741 757/806/757 758/807/758
f 743/793/743 742/792/742 758/807/758 759/808/759
f 730/795/730 729/794/729 745/809/745 746/810/746
f 744/796/744 743/793/743 759/808/759 760/811/760
f 731/797/731 730/795/730 746/810/746 747/812/747
f 8/813/8 744/796/744 760/811/760
f 732/782/732 731/797/731 747/812/747 748/814/748
f 733/783/733 732/782/732 748/814/748 749/815/749
f 734/784/734 733/783/733 749/815/749 750/799/750
f 753/802/753 752/801/752 768/816/768 769/817/769
f 754/803/754 753/802/753 769/817/769 770/818/770
f 755/804/755 754/803/754 770/818/770 771/819/771
f 756/805/756 755/804/755 771/819/771 772/820/772
f 757/806/757 756/805/756 772/820/772 773/821/773
f 758/807/758 757/806/757 773/821/773 774/822/774
f 759/808/759 758/807/758 774/822/774 775/823/775
f 746/810/746 745/809/745 761/824/761 762/825/762
f 760/811/760 759/808/759 775/823/775 776/826/776
f 747/812/747 746/810/746 762/825/762 763/827/763
f 8/828/8 760/811/760 776/826/776
f 748/814/748 747/812/747 763/827/763 764/829/764
f 749/815/749 748/814/748 764/829/764 765/830/765
f 750/799/750 749/815/749 765/830/765 766/831/766
f 751/800/751 750/799/750 766/831/766 767/832/767
f 752/801/752 751/800/751 767/832/767 768/816/768
f 771/833/771 770/834/770 786/835/786 787/836/787
f 772/837/772 771/833/771 787/836/787 788/838/788
f 773/839/773 772/837/772 788/838/788 789/840/789
f 774/841/774 773/839/773 789/840/789 790/842/790
f 775/843/775 774/841/774 790/842/790 791/844/791
f 762/845/762 761/846/761 777/847/777 778/848/778
f 776/849/776 775/843/775 791/844/791 792/850/792
f 763/851/763 762/845/762 778/848/778 779/852/779
f 8/853/8 776/849/776 792/850/792
f 764/854/764 763/851/763 779/852/779 780/855/780
f 765/856/765 764/854/764 780/855/780 781/857/781
f 766/858/766 765/856/765 781/857/781 782/859/782
f 767/860/767 766/858/766 782/859/782 783/861/783
f 768/862/768 767/860/767 783/861/783 784/863/784
f 769/864/769 768/862/768 784/863/784 785/865/785
f 770/834/770 769/864/769 785/865/785 786/835/786
f 789/840/789 788/838/788 804/866/804 805/867/805
f 790/842/790 789/840/789 805/867/805 806/868/806
f 791/844/791 790/842/790 806/868/806 807/869/807
f 778/848/778 777/847/777 793/870/793 794/871/794
f 792/850/792 791/844/791 807/869/807 808/872/808
f 779/852/779 778/848/778 794/871/794 795/873/795
f 8/874/8 792/850/792 808/872/808
f 780/855/780 779/852/779 795/873/795 796/875/796
f 781/857/781 780/855/780 796/875/796 797/876/797
f 782/859/782 781/857/781 797/876/797 798/877/798
f 783/861/783 782/859/782 798/877/798 799/878/799
f 784/863/784 783/861/783 799/878/799 800/879/800
f 785/865/785 784/863/784 800/879/800 801/880/801
f 786/835/786 785/865/785 801/880/801 802/881/802
f 787/836/787 786/835/786 802/881/802 803/882/803
f 788/838/788 787/836/787 803/882/803 804/866/804
f 807/869/807 806/868/806 822/883/822 823/884/823
f 794/871/794 793/870/793 809/885/809 810/886/810
f 808/872/808 807/869/807 823/884/823 824/887/824
f 795/873/795 794/871/794 810/886/810 811/888/811
f 8/889/8 808/872/808 824/887/824
f 796/875/796 795/873/795 811/888/811 812/890/812
f 797/876/797 796/875/796 812/890/812 813/891/813
f 798/877/798 797/876/797 813/891/813 814/892/814
f 799/878/799 798/877/798 814/892/814 815/893/815
f 800/879/800 799/878/799 815/893/815 816/894/816
f 801/880/801 800/879/800 816/894/816 817/895/817
f 802/881/802 801/880/801 817/895/817 818/896/818
f 803/882/803 802/881/802 818/896/818 819/897/819
f 804/866/804 803/882/803 819/897/819 820/898/820
f 805/867/805 804/866/804 820/898/820 821/899/821
f 806/868/806 805/867/805 821/899/821 822/883/822
f 817/895/817 816/894/816 832/900/832 833/901/833
f 818/896/818 817/895/817 833/901/833 834/902/834
f 819/897/819 818/896/818 834/902/834 835/903/835
f 820/898/820 819/897/819 835/903/835 836/904/836
f 821/899/821 820/898/820 836/904/836 837/905/837
f 822/883/822 821/899/821 837/905/837 838/906/838
f 823/884/823 822/883/822 838/906/838 839/907/839
f 810/886/810 809/885/809 825/908/825 826/909/826
f 824/887/824 823/884/823 839/907/839 840/910/840
f 811/888/811 810/886/810 826/909/826 827/911/827
f 8/912/8 824/887/824 840/910/840
f 812/890/812 811/888/811 827/911/827 828/913/828
f 813/891/813 812/890/812 828/913/828 829/914/829
f 814/892/814 813/891/813 829/914/829 830/915/830
f 815/893/815 814/892/814 830/915/830 831/916/831
f 816/894/816 815/893/815 831/916/831 832/900/832
f 835/903/835 834/902/834 850/917/850 851/918/851
f 836/904/836 835/903/835 851/918/851 852/919/852
f 837/905/837 836/904/836 852/919/852 853/920/853
f 838/906/838 837/905/837 853/920/853 854/921/854
f 839/907/839 838/906/838 854/921/854 855/922/855
f 826/909/826 825/908/825 841/923/841 842/924/842
f 840/910/840 839/907/839 855/922/855 856/925/856
f 827/911/827 826/909/826 842/924/842 843/926/843
f 8/927/8 840/910/840 856/925/856
f 828/913/828 827/911/827 843/926/843 844/928/844
f 829/914/829 828/913/828 844/928/844 845/929/845
f 830/915/830 829/914/829 845/929/845 846/930/846
f 831/916/831 830/915/830 846/930/846 847/931/847
f 832/900/832 831/916/831 847/931/847 848/932/848
f 833/901/833 832/900/832 848/932/848 849/933/849
f 834/902/834 833/901/833 849/933/849 850/917/850
f 853/920/853 852/919/852 868/934/868 869/935/869
f 854/921/854 853/920/853 869/935/869 870/936/870
f 855/922/855 854/921/854 870/936/870 871/937/871
f 842/924/842 841/923/841 857/938/857 858/939/858
f 856/925/856 855/922/855 871/937/871 872/940/872
f 843/926/843 842/924/842 858/939/858 859/941/859
f 8/942/8 856/925/856 872/940/872
f 844/928/844 843/926/843 859/941/859 860/943/860
f 845/929/845 844/928/844 860/943/860 861/944/861
f 846/930/846 845/929/845 861/944/861 862/945/862
f 847/931/847 846/930/846 862/945/862 863/946/863
f 848/932/848 847/931/847 863/946/863 864/947/864
f 849/933/849 848/932/848 864/947/864 865/948/865
f 850/917/850 849/933/849 865/948/865 866/949/866
f 851/918/851 850/917/850 866/949/866 867/950/867
f 852/919/852 851/918/851 867/950/867 868/934/868
f 871/937/871 870/936/870 886/951/886 887/952/887
f 858/939/858 857/938/857 873/953/873 874/954/874
f 872/940/872 871/937/871 887/952/887 888/955/888
f 859/941/859 858/939/858 874/954/874 875/956/875
f 8/957/8 872/940/872 888/955/888
f 860/943/860 859/941/859 875/956/875 876/958/876
f 861/944/861 860/943/860 876/958/876 877/959/877
f 862/945/862 861/944/861 877/959/877 878/960/878
f 863/946/863 862/945/862 878/960/878 879/961/879
f 864/947/864 863/946/863 879/961/879 880/962/880
f 865/948/865 864/947/864 880/962/880 881/963/881
f 866/949/866 865/948/865 881/963/881 882/964/882
f 867/950/867 866/949/866 882/964/882 883/965/883
f 868/934/868 867/950/867 883/965/883 884/966/884
f 869/935/869 868/934/868 884/966/884 885/967/885
f 870/936/870 869/935/869 885/967/885 886/951/886
f 875/956/875 874/954/874 890/968/890 891/969/891
f 8/970/8 888/955/888 904/971/904
f 876/958/876 875/956/875 891/969/891 892/972/892
f 877/959/877 876/958/876 892/972/892 893/973/893
f 878/960/878 877/959/877 893/973/893 894/974/894
f 879/961/879 878/960/878 894/974/894 895/975/895
f 880/962/880 879/961/879 895/975/895 896/976/896
f 881/963/881 880/962/880 896/976/896 897/977/897
f 882/964/882 881/963/881 897/977/897 898/978/898
f 883/965/883 882/964/882 898/978/898 899/979/899
f 884/966/884 883/965/883 899/979/899 900/980/900
f 885/967/885 884/966/884 900/980/900 901/981/901
f 886/951/886 885/967/885 901/981/901 902/982/902
f 887/952/887 886/951/886 902/982/902 903/983/903
f 874/954/874 873/953/873 889/984/889 890/968/890
f 888/955/888 887/952/887 903/983/903 904/971/904
f 893/973/893 892/972/892 908/985/908 909/986/909
f 894/974/894 893/973/893 909/986/909 910/987/910
f 895/975/895 894/974/894 910/987/910 911/988/911
f 896/976/896 895/975/895 911/988/911 912/989/912
f 897/977/897 896/976/896 912/989/912 913/990/913
f 898/978/898 897/977/897 913/990/913 914/991/914
f 899/979/899 898/978/898 914/991/914 915/992/915
f 900/980/900 899/979/899 915/992/915 916/993/916
f 901/981/901 900/980/900 916/993/916 917/994/917
f 902/982/902 901/981/901 917/994/917 918/995/918
f 903/983/903 902/982/902 918/995/918 919/996/919
f 890/968/890 889/984/889 905/997/905 906/998/906
f 904/971/904 903/983/903 919/996/919 920/999/920
f 891/969/891 890/968/890 906/998/906 907/1000/907
f 8/1001/8 904/971/904 920/999/920
f 892/972/892 891/969/891 907/1000/907 908/985/908
f 911/988/911 910/987/910 926/1002/926 927/1003/927
f 912/989/912 911/988/911 927/1003/927 928/1004/928
f 913/990/913 912/989/912 928/1004/928 929/1005/929
f 914/991/914 913/990/913 929/1005/929 930/1006/930
f 915/992/915 914/991/914 930/1006/930 931/1007/931
f 916/993/916 915/992/915 931/1007/931 932/1008/932
f 917/994/917 916/993/916 932/1008/932 933/1009/933
f 918/995/918 917/994/917 933/1009/933 934/1010/934
f 919/996/919 918/995/918 934/1010/934 935/1011/935
f 906/998/906 905/997/905 921/1012/921 922/1013/922
f 920/999/920 919/996/919 935/1011/935 936/1014/936
f 907/1000/907 906/998/906 922/1013/922 923/1015/923
f 8/1016/8 920/999/920 936/1014/936
f 908/985/908 907/1000/907 923/1015/923 924/1017/924
f 909/986/909 908/985/908 924/1017/924 925/1018/925
f 910/987/910 909/986/909 925/1018/925 926/1002/926
f 929/1005/929 928/1004/928 944/1019/944 945/1020/945
f 930/1006/930 929/1005/929 945/1020/945 946/1021/946
f 931/1007/931 930/1006/930 946/1021/946 947/1022/947
f 932/1008/932 931/1007/931 947/1022/947 948/1023/948
f 933/1009/933 932/1008/932 948/1023/948 949/1024/949
f 934/1010/934 933/1009/933 949/1024/949 950/1025/950
f 935/1011/935 934/1010/934 950/1025/950 951/1026/951
f 922/1013/922 921/1012/921 937/1027/937 938/1028/938
f 936/1014/936 935/1011/935 951/1026/951 952/1029/952
f 923/1015/923 922/1013/922 938/1028/938 939/1030/939
f 8/1031/8 936/1014/936 952/1029/952
f 924/1017/924 923/1015/923 939/1030/939 940/1032/940
f 925/1018/925 924/1017/924 940/1032/940 941/1033/941
f 926/1002/926 925/1018/925 941/1033/941 942/1034/942
f 927/1003/927 926/1002/926 942/1034/942 943/1035/943
f 928/1004/928 927/1003/927 943/1035/943 944/1019/944
f 947/1022/947 946/1021/946 962/1036/962 963/1037/963
f 948/1023/948 947/1022/947 963/1037/963 964/1038/964
f 949/1024/949 948/1023/948 964/1038/964 965/1039/965
f 950/1025/950 949/1024/949 965/1039/965 966/1040/966
f 951/1026/951 950/1025/950 966/1040/966 967/1041/967
f 938/1028/938 937/1027/937 953/1042/953 954/1043/954
f 952/1029/952 951/1026/951 967/1041/967 968/1044/968
f 939/1030/939 938/1028/938 954/1043/954 955/1045/955
f 8/1046/8 952/1029/952 968/1044/968
f 940/1032/940 939/1030/939 955/1045/955 956/1047/956
f 941/1033/941 940/1032/940 956/1047/956 957/1048/957
f 942/1034/942 941/1033/941 957/1048/957 958/1049/958
f 943/1035/943 942/1034/942 958/1049/958 959/1050/959
f 944/1019/944 943/1035/943 959/1050/959 960/1051/960
f 945/1020/945 944/1019/944 960/1051/960 961/1052/961
f 946/1021/946 945/1020/945 961/1052/961 962/1036/962
f 965/1039/965 964/1038/964 980/1053/980 981/1054/981
f 966/1040/966 965/1039/965 981/1054/981 982/1055/982
f 967/1041/967 966/1040/966 982/1055/982 983/1056/983
f 954/1043/954 953/1042/953 969/1057/969 970/1058/970
f 968/1044/968 967/1041/967 983/1056/983 984/1059/984
f 955/1045/955 954/1043/954 970/1058/970 971/1060/971
f 8/1061/8 968/1044/968 984/1059/984
f 956/1047/956 955/1045/955 971/1060/971 972/1062/972
f 957/1048/957 956/1047/956 972/1062/972 973/1063/973
f 958/1049/958 957/1048/957 973/1063/973 974/1064/974
f 959/1050/959 958/1049/958 974/1064/974 975/1065/975
f 960/1051/960 959/1050/959 975/1065/975 976/1066/976
f 961/1052/961 960/1051/960 976/1066/976 977/1067/977
f 962/1036/962 961/1052/961 977/1067/977 978/1068/978
f 963/1037/963 962/1036/962 978/1068/978 979/1069/979
f 964/1038/964 963/1037/963 979/1069/979 980/1053/980
f 983/1056/983 982/1055/982 998/1070/998 999/1071/999
f 970/1058/970 969/1057/969 985/1072/985 986/1073/986
f 984/1059/984 983/1056/983 999/1071/999 1000/1074/1000
f 971/1060/971 970/1058/970 986/1073/986 987/1075/987
f 8/1076/8 984/1059/984 1000/1074/1000
f 972/1062/972 971/1060/971 987/1075/987 988/1077/988
f 973/1063/973 972/1062/972 988/1077/988 989/1078/989
f 974/1064/974 973/1063/973 989/1078/989 990/1079/990
f 975/1065/975 974/1064/974 990/1079/990 991/1080/991
f 976/1066/976 975/1065/975 991/1080/991 992/1081/992
f 977/1067/977 976/1066/976 992/1081/992 993/1082/993
f 978/1068/978 977/1067/977 993/1082/993 994/1083/994
f 979/1069/979 978/1068/978 994/1083/994 995/1084/995
f 980/1053/980 979/1069/979 995/1084/995 996/1085/996
f 981/1054/981 980/1053/980 996/1085/996 997/1086/997
f 982/1055/982 981/1054/981 997/1086/997 998/1070/998
f 8/1087/8 1000/1074/1000 1016/1088/1016
f 988/1077/988 987/1075/987 1003/1089/1003 1004/1090/1004
f 989/1078/989 988/1077/988 1004/1090/1004 1005/1091/1005
f 990/1079/990 989/1078/989 1005/1091/1005 1006/1092/1006
f 991/1080/991 990/1079/990 1006/1092/1006 1007/1093/1007
f 992/1081/992 991/1080/991 1007/1093/1007 1008/1094/1008
f 993/1082/993 992/1081/992 1008/1094/1008 1009/1095/1009
f 994/1083/994 993/1082/993 1009/1095/1009 1010/1096/1010
f 995/1084/995 994/1083/994 1010/1096/1010 1011/1097/1011
f 996/1085/996 995/1084/995 1011/1097/1011 1012/1098/1012
f 997/1086/997 996/1085/996 1012/1098/1012 1013/1099/1013
f 998/1070/998 997/1086/997 1013/1099/1013 1014/1100/1014
f 999/1071/999 998/1070/998 1014/1100/1014 1015/1101/1015
f 986/1073/986 985/1072/985 1001/1102/1001 1002/1103/1002
f 1000/1074/1000 999/1071/999 1015/1101/1015 1016/1088/1016
f 987/1075/987 986/1073/986 1002/1103/1002 1003/1089/1003
f 1006/1092/1006 1005/1091/1005 4/24/4 5/26/5
f 1007/1093/1007 1006/1092/1006 5/26/5 1018/28/1018
f 1008/1094/1008 1007/1093/1007 1018/28/1018 1019/30/1019
f 1009/1095/1009 1008/1094/1008 1019/30/1019 1020/32/1020
f 1010/1096/1010 1009/1095/1009 1020/32/1020 1021/2/1021
f 1011/1097/1011 1010/1096/1010 1021/2/1021 1022/1/1022
f 1012/1098/1012 1011/1097/1011 1022/1/1022 1023/5/1023
f 1013/1099/1013 1012/1098/1012 1023/5/1023 1024/7/1024
f 1014/1100/1014 1013/1099/1013 1024/7/1024 6/9/6
f 1015/1101/1015 1014/1100/1014 6/9/6 1025/11/1025
f 1002/1103/1002 1001/1102/1001 1/14/1 2/13/2
f 1016/1088/1016 1015/1101/1015 1025/11/1025 7/17/7
f 1003/1089/1003 1002/1103/1002 2/13/2 1017/19/1017
f 8/1104/8 1016/1088/1016 7/17/7
f 1004/1090/1004 1003/1089/1003 1017/19/1017 3/22/3
f 1005/1091/1005 1004/1090/1004 3/22/3 4/24/4
